2026-05-15 08:36:22,395 [Worker-2: Loading available Gradle versions] INFO  o.e.b.c.i.u.g.PublishedGradleVersions - Gradle version information cache is not available. Remote download required.
2026-05-15 08:36:52,715 [Worker-14: Importing Maven projects] INFO  o.e.m.c.i.l.LifecycleMappingFactory - Using org.eclipse.m2e.jdt.JarLifecycleMapping lifecycle mapping for MavenProject: com.bluebus.booking:blue-bus-booking-project:0.0.1-SNAPSHOT @ C:\Users\itspa\FirstBitSolutions\Blue-Bus-Booking-Project\blue-bus-booking-project\pom.xml.
2026-05-15 08:36:56,671 [Worker-14: Importing Maven projects] INFO  o.e.m.j.i.AbstractJavaProjectConfigurator - Adding source folder /blue-bus-booking-project/src/main/java
2026-05-15 08:36:56,678 [Worker-14: Importing Maven projects] INFO  o.e.m.j.i.AbstractJavaProjectConfigurator - Adding resource folder /blue-bus-booking-project/src/main/resources
2026-05-15 08:36:56,683 [Worker-14: Importing Maven projects] INFO  o.e.m.j.i.AbstractJavaProjectConfigurator - Adding resource folder /blue-bus-booking-project/src/main/resources
2026-05-15 08:36:56,687 [Worker-14: Importing Maven projects] INFO  o.e.m.j.i.AbstractJavaProjectConfigurator - Adding source folder /blue-bus-booking-project/src/test/java
2026-05-15 08:36:56,689 [Worker-14: Importing Maven projects] INFO  o.e.m.j.i.AbstractJavaProjectConfigurator - Adding resource folder /blue-bus-booking-project/src/test/resources
2026-05-15 08:36:57,615 [Worker-14: Importing Maven projects] WARN  o.apache.maven.project.MavenProject - Plugin is modifying compileSourceRoots through clear(), which will not work in Maven 4.0.0. Use MavenProject.addCompileSourceRoot()/removeCompileSourceRoot() methods instead. If using a plugin, please upgrade to the latest version or report the issue to the plugin maintainer. To disable these warnings, set -Dmaven.project.sourceRoots.warningsDisabled=true on the command line, in the .mvn/maven.config file, or in project POM properties.
2026-05-15 08:36:57,617 [Worker-14: Importing Maven projects] WARN  o.apache.maven.project.MavenProject - Plugin is modifying compileSourceRoots through add(), which will not work in Maven 4.0.0. Use MavenProject.addCompileSourceRoot()/removeCompileSourceRoot() methods instead. If using a plugin, please upgrade to the latest version or report the issue to the plugin maintainer. To disable these warnings, set -Dmaven.project.sourceRoots.warningsDisabled=true on the command line, in the .mvn/maven.config file, or in project POM properties.
2026-05-15 08:36:57,618 [Worker-14: Importing Maven projects] WARN  o.apache.maven.project.MavenProject - Plugin is modifying testCompileSourceRoots through clear(), which will not work in Maven 4.0.0. Use MavenProject.addTestCompileSourceRoot()/removeTestCompileSourceRoot() methods instead. If using a plugin, please upgrade to the latest version or report the issue to the plugin maintainer. To disable these warnings, set -Dmaven.project.sourceRoots.warningsDisabled=true on the command line, in the .mvn/maven.config file, or in project POM properties.
2026-05-15 08:36:57,620 [Worker-14: Importing Maven projects] WARN  o.apache.maven.project.MavenProject - Plugin is modifying testCompileSourceRoots through add(), which will not work in Maven 4.0.0. Use MavenProject.addTestCompileSourceRoot()/removeTestCompileSourceRoot() methods instead. If using a plugin, please upgrade to the latest version or report the issue to the plugin maintainer. To disable these warnings, set -Dmaven.project.sourceRoots.warningsDisabled=true on the command line, in the .mvn/maven.config file, or in project POM properties.
2026-05-15 08:36:57,675 [Worker-14: Importing Maven projects] INFO  o.e.m.c.i.p.ProjectConfigurationManager - Imported and configured 1 project(s) in 6 sec
2026-05-15 08:36:59,125 [Worker-17: Updating Maven Project] INFO  o.e.m.c.i.p.ProjectConfigurationManager - Update started
2026-05-15 08:36:59,946 [Worker-17: Updating Maven Project] INFO  o.e.m.c.i.l.LifecycleMappingFactory - Using org.eclipse.m2e.jdt.JarLifecycleMapping lifecycle mapping for MavenProject: com.bluebus.booking:blue-bus-booking-project:0.0.1-SNAPSHOT @ C:\Users\itspa\FirstBitSolutions\Blue-Bus-Booking-Project\blue-bus-booking-project\pom.xml.
2026-05-15 08:37:01,951 [Worker-17: Updating Maven Project] INFO  o.e.m.j.i.AbstractJavaProjectConfigurator - Adding source folder /blue-bus-booking-project/src/main/java
2026-05-15 08:37:01,958 [Worker-17: Updating Maven Project] INFO  o.e.m.j.i.AbstractJavaProjectConfigurator - Adding resource folder /blue-bus-booking-project/src/main/resources
2026-05-15 08:37:01,961 [Worker-17: Updating Maven Project] INFO  o.e.m.j.i.AbstractJavaProjectConfigurator - Adding resource folder /blue-bus-booking-project/src/main/resources
2026-05-15 08:37:01,964 [Worker-17: Updating Maven Project] INFO  o.e.m.j.i.AbstractJavaProjectConfigurator - Adding source folder /blue-bus-booking-project/src/test/java
2026-05-15 08:37:01,967 [Worker-17: Updating Maven Project] INFO  o.e.m.j.i.AbstractJavaProjectConfigurator - Adding resource folder /blue-bus-booking-project/src/test/resources
2026-05-15 08:37:02,492 [Worker-17: Updating Maven Project] WARN  o.apache.maven.project.MavenProject - Plugin is modifying compileSourceRoots through clear(), which will not work in Maven 4.0.0. Use MavenProject.addCompileSourceRoot()/removeCompileSourceRoot() methods instead. If using a plugin, please upgrade to the latest version or report the issue to the plugin maintainer. To disable these warnings, set -Dmaven.project.sourceRoots.warningsDisabled=true on the command line, in the .mvn/maven.config file, or in project POM properties.
2026-05-15 08:37:02,493 [Worker-17: Updating Maven Project] WARN  o.apache.maven.project.MavenProject - Plugin is modifying compileSourceRoots through add(), which will not work in Maven 4.0.0. Use MavenProject.addCompileSourceRoot()/removeCompileSourceRoot() methods instead. If using a plugin, please upgrade to the latest version or report the issue to the plugin maintainer. To disable these warnings, set -Dmaven.project.sourceRoots.warningsDisabled=true on the command line, in the .mvn/maven.config file, or in project POM properties.
2026-05-15 08:37:02,494 [Worker-17: Updating Maven Project] WARN  o.apache.maven.project.MavenProject - Plugin is modifying testCompileSourceRoots through clear(), which will not work in Maven 4.0.0. Use MavenProject.addTestCompileSourceRoot()/removeTestCompileSourceRoot() methods instead. If using a plugin, please upgrade to the latest version or report the issue to the plugin maintainer. To disable these warnings, set -Dmaven.project.sourceRoots.warningsDisabled=true on the command line, in the .mvn/maven.config file, or in project POM properties.
2026-05-15 08:37:02,495 [Worker-17: Updating Maven Project] WARN  o.apache.maven.project.MavenProject - Plugin is modifying testCompileSourceRoots through add(), which will not work in Maven 4.0.0. Use MavenProject.addTestCompileSourceRoot()/removeTestCompileSourceRoot() methods instead. If using a plugin, please upgrade to the latest version or report the issue to the plugin maintainer. To disable these warnings, set -Dmaven.project.sourceRoots.warningsDisabled=true on the command line, in the .mvn/maven.config file, or in project POM properties.
2026-05-15 08:37:02,941 [Worker-17: Updating Maven Project] INFO  o.e.m.c.i.p.ProjectConfigurationManager - Update completed for 1 poms: local refresh takes 0.00 sec, refresh facades takes 2.00 sec, update config takes 0.00 sec 
2026-05-15 08:37:16,953 [Worker-29: Building] INFO  o.a.m.s.f.DefaultMavenResourcesFiltering - Copying 1 resource from src\main\resources to target\classes
2026-05-15 08:37:16,997 [Worker-29: Building] INFO  o.a.m.s.f.DefaultMavenResourcesFiltering - Copying 0 resource from src\main\resources to target\classes
2026-05-15 08:37:17,008 [Worker-29: Building] INFO  o.a.m.s.f.DefaultMavenResourcesFiltering - skip non existing resourceDirectory C:\Users\itspa\FirstBitSolutions\Blue-Bus-Booking-Project\blue-bus-booking-project\src\test\resources
2026-05-15 08:37:17,627 [Worker-29: Building] WARN  o.apache.maven.project.MavenProject - Plugin is modifying compileSourceRoots through clear(), which will not work in Maven 4.0.0. Use MavenProject.addCompileSourceRoot()/removeCompileSourceRoot() methods instead. If using a plugin, please upgrade to the latest version or report the issue to the plugin maintainer. To disable these warnings, set -Dmaven.project.sourceRoots.warningsDisabled=true on the command line, in the .mvn/maven.config file, or in project POM properties.
2026-05-15 08:37:17,629 [Worker-29: Building] WARN  o.apache.maven.project.MavenProject - Plugin is modifying compileSourceRoots through add(), which will not work in Maven 4.0.0. Use MavenProject.addCompileSourceRoot()/removeCompileSourceRoot() methods instead. If using a plugin, please upgrade to the latest version or report the issue to the plugin maintainer. To disable these warnings, set -Dmaven.project.sourceRoots.warningsDisabled=true on the command line, in the .mvn/maven.config file, or in project POM properties.
2026-05-15 08:37:17,630 [Worker-29: Building] WARN  o.apache.maven.project.MavenProject - Plugin is modifying testCompileSourceRoots through clear(), which will not work in Maven 4.0.0. Use MavenProject.addTestCompileSourceRoot()/removeTestCompileSourceRoot() methods instead. If using a plugin, please upgrade to the latest version or report the issue to the plugin maintainer. To disable these warnings, set -Dmaven.project.sourceRoots.warningsDisabled=true on the command line, in the .mvn/maven.config file, or in project POM properties.
2026-05-15 08:37:17,632 [Worker-29: Building] WARN  o.apache.maven.project.MavenProject - Plugin is modifying testCompileSourceRoots through add(), which will not work in Maven 4.0.0. Use MavenProject.addTestCompileSourceRoot()/removeTestCompileSourceRoot() methods instead. If using a plugin, please upgrade to the latest version or report the issue to the plugin maintainer. To disable these warnings, set -Dmaven.project.sourceRoots.warningsDisabled=true on the command line, in the .mvn/maven.config file, or in project POM properties.
2026-05-15 08:43:23,890 [Worker-24: Building] INFO  o.a.m.s.f.DefaultMavenResourcesFiltering - Copying 1 resource from src\main\resources to target\classes
2026-05-15 08:43:23,910 [Worker-24: Building] INFO  o.a.m.s.f.DefaultMavenResourcesFiltering - Copying 0 resource from src\main\resources to target\classes
2026-05-15 08:43:23,916 [Worker-24: Building] INFO  o.a.m.s.f.DefaultMavenResourcesFiltering - skip non existing resourceDirectory C:\Users\itspa\FirstBitSolutions\Blue-Bus-Booking-Project\blue-bus-booking-project\src\test\resources
2026-05-15 08:43:23,919 [Worker-24: Building] WARN  o.apache.maven.project.MavenProject - Plugin is modifying compileSourceRoots through clear(), which will not work in Maven 4.0.0. Use MavenProject.addCompileSourceRoot()/removeCompileSourceRoot() methods instead. If using a plugin, please upgrade to the latest version or report the issue to the plugin maintainer. To disable these warnings, set -Dmaven.project.sourceRoots.warningsDisabled=true on the command line, in the .mvn/maven.config file, or in project POM properties.
2026-05-15 08:43:23,920 [Worker-24: Building] WARN  o.apache.maven.project.MavenProject - Plugin is modifying compileSourceRoots through add(), which will not work in Maven 4.0.0. Use MavenProject.addCompileSourceRoot()/removeCompileSourceRoot() methods instead. If using a plugin, please upgrade to the latest version or report the issue to the plugin maintainer. To disable these warnings, set -Dmaven.project.sourceRoots.warningsDisabled=true on the command line, in the .mvn/maven.config file, or in project POM properties.
2026-05-15 08:43:23,921 [Worker-24: Building] WARN  o.apache.maven.project.MavenProject - Plugin is modifying testCompileSourceRoots through clear(), which will not work in Maven 4.0.0. Use MavenProject.addTestCompileSourceRoot()/removeTestCompileSourceRoot() methods instead. If using a plugin, please upgrade to the latest version or report the issue to the plugin maintainer. To disable these warnings, set -Dmaven.project.sourceRoots.warningsDisabled=true on the command line, in the .mvn/maven.config file, or in project POM properties.
2026-05-15 08:43:23,922 [Worker-24: Building] WARN  o.apache.maven.project.MavenProject - Plugin is modifying testCompileSourceRoots through add(), which will not work in Maven 4.0.0. Use MavenProject.addTestCompileSourceRoot()/removeTestCompileSourceRoot() methods instead. If using a plugin, please upgrade to the latest version or report the issue to the plugin maintainer. To disable these warnings, set -Dmaven.project.sourceRoots.warningsDisabled=true on the command line, in the .mvn/maven.config file, or in project POM properties.
2026-05-15 08:43:47,752 [main] INFO  o.e.m2e.actions.ExecutePomAction - Creating new launch configuration
2026-05-15 08:43:53,095 [Worker-32: Launching blue-bus-booking-project] INFO  o.eclipse.m2e.core.internal.Bundles - getClasspathEntries(Bundle=org.eclipse.m2e.maven.runtime_3.9.1200.20260112-2306 [648])
2026-05-15 08:43:53,096 [Worker-32: Launching blue-bus-booking-project] INFO  o.eclipse.m2e.core.internal.Bundles - 	Entry: C:\Users\itspa\.p2\pool\plugins\org.eclipse.m2e.maven.runtime_3.9.1200.20260112-2306
2026-05-15 08:43:53,097 [Worker-32: Launching blue-bus-booking-project] INFO  o.eclipse.m2e.core.internal.Bundles - 	Entry: C:\Users\itspa\.p2\pool\plugins\org.eclipse.m2e.maven.runtime_3.9.1200.20260112-2306\jars\aopalliance-1.0.jar
2026-05-15 08:43:53,097 [Worker-32: Launching blue-bus-booking-project] INFO  o.eclipse.m2e.core.internal.Bundles - 	Entry: C:\Users\itspa\.p2\pool\plugins\org.eclipse.m2e.maven.runtime_3.9.1200.20260112-2306\jars\asm-9.9.jar
2026-05-15 08:43:53,097 [Worker-32: Launching blue-bus-booking-project] INFO  o.eclipse.m2e.core.internal.Bundles - 	Entry: C:\Users\itspa\.p2\pool\plugins\org.eclipse.m2e.maven.runtime_3.9.1200.20260112-2306\jars\error_prone_annotations-2.41.0.jar
2026-05-15 08:43:53,097 [Worker-32: Launching blue-bus-booking-project] INFO  o.eclipse.m2e.core.internal.Bundles - 	Entry: C:\Users\itspa\.p2\pool\plugins\org.eclipse.m2e.maven.runtime_3.9.1200.20260112-2306\jars\gson-2.13.2.jar
2026-05-15 08:43:53,097 [Worker-32: Launching blue-bus-booking-project] INFO  o.eclipse.m2e.core.internal.Bundles - 	Entry: C:\Users\itspa\.p2\pool\plugins\org.eclipse.m2e.maven.runtime_3.9.1200.20260112-2306\jars\guice-5.1.0-classes.jar
2026-05-15 08:43:53,097 [Worker-32: Launching blue-bus-booking-project] INFO  o.eclipse.m2e.core.internal.Bundles - 	Entry: C:\Users\itspa\.p2\pool\plugins\org.eclipse.m2e.maven.runtime_3.9.1200.20260112-2306\jars\httpclient-4.5.14.jar
2026-05-15 08:43:53,097 [Worker-32: Launching blue-bus-booking-project] INFO  o.eclipse.m2e.core.internal.Bundles - 	Entry: C:\Users\itspa\.p2\pool\plugins\org.eclipse.m2e.maven.runtime_3.9.1200.20260112-2306\jars\httpcore-4.4.16.jar
2026-05-15 08:43:53,097 [Worker-32: Launching blue-bus-booking-project] INFO  o.eclipse.m2e.core.internal.Bundles - 	Entry: C:\Users\itspa\.p2\pool\plugins\org.eclipse.m2e.maven.runtime_3.9.1200.20260112-2306\jars\jansi-2.4.2.jar
2026-05-15 08:43:53,097 [Worker-32: Launching blue-bus-booking-project] INFO  o.eclipse.m2e.core.internal.Bundles - 	Entry: C:\Users\itspa\.p2\pool\plugins\org.eclipse.m2e.maven.runtime_3.9.1200.20260112-2306\jars\jcl-over-slf4j-1.7.36.jar
2026-05-15 08:43:53,097 [Worker-32: Launching blue-bus-booking-project] INFO  o.eclipse.m2e.core.internal.Bundles - 	Entry: C:\Users\itspa\.p2\pool\plugins\org.eclipse.m2e.maven.runtime_3.9.1200.20260112-2306\jars\maven-artifact-3.9.12.jar
2026-05-15 08:43:53,097 [Worker-32: Launching blue-bus-booking-project] INFO  o.eclipse.m2e.core.internal.Bundles - 	Entry: C:\Users\itspa\.p2\pool\plugins\org.eclipse.m2e.maven.runtime_3.9.1200.20260112-2306\jars\maven-builder-support-3.9.12.jar
2026-05-15 08:43:53,097 [Worker-32: Launching blue-bus-booking-project] INFO  o.eclipse.m2e.core.internal.Bundles - 	Entry: C:\Users\itspa\.p2\pool\plugins\org.eclipse.m2e.maven.runtime_3.9.1200.20260112-2306\jars\maven-compat-3.9.12.jar
2026-05-15 08:43:53,097 [Worker-32: Launching blue-bus-booking-project] INFO  o.eclipse.m2e.core.internal.Bundles - 	Entry: C:\Users\itspa\.p2\pool\plugins\org.eclipse.m2e.maven.runtime_3.9.1200.20260112-2306\jars\maven-core-3.9.12.jar
2026-05-15 08:43:53,097 [Worker-32: Launching blue-bus-booking-project] INFO  o.eclipse.m2e.core.internal.Bundles - 	Entry: C:\Users\itspa\.p2\pool\plugins\org.eclipse.m2e.maven.runtime_3.9.1200.20260112-2306\jars\maven-embedder-3.9.12.jar
2026-05-15 08:43:53,097 [Worker-32: Launching blue-bus-booking-project] INFO  o.eclipse.m2e.core.internal.Bundles - 	Entry: C:\Users\itspa\.p2\pool\plugins\org.eclipse.m2e.maven.runtime_3.9.1200.20260112-2306\jars\maven-model-3.9.12.jar
2026-05-15 08:43:53,097 [Worker-32: Launching blue-bus-booking-project] INFO  o.eclipse.m2e.core.internal.Bundles - 	Entry: C:\Users\itspa\.p2\pool\plugins\org.eclipse.m2e.maven.runtime_3.9.1200.20260112-2306\jars\maven-model-builder-3.9.12.jar
2026-05-15 08:43:53,097 [Worker-32: Launching blue-bus-booking-project] INFO  o.eclipse.m2e.core.internal.Bundles - 	Entry: C:\Users\itspa\.p2\pool\plugins\org.eclipse.m2e.maven.runtime_3.9.1200.20260112-2306\jars\maven-plugin-api-3.9.12.jar
2026-05-15 08:43:53,099 [Worker-32: Launching blue-bus-booking-project] INFO  o.eclipse.m2e.core.internal.Bundles - 	Entry: C:\Users\itspa\.p2\pool\plugins\org.eclipse.m2e.maven.runtime_3.9.1200.20260112-2306\jars\maven-repository-metadata-3.9.12.jar
2026-05-15 08:43:53,099 [Worker-32: Launching blue-bus-booking-project] INFO  o.eclipse.m2e.core.internal.Bundles - 	Entry: C:\Users\itspa\.p2\pool\plugins\org.eclipse.m2e.maven.runtime_3.9.1200.20260112-2306\jars\maven-resolver-api-1.9.25.jar
2026-05-15 08:43:53,099 [Worker-32: Launching blue-bus-booking-project] INFO  o.eclipse.m2e.core.internal.Bundles - 	Entry: C:\Users\itspa\.p2\pool\plugins\org.eclipse.m2e.maven.runtime_3.9.1200.20260112-2306\jars\maven-resolver-connector-basic-1.9.25.jar
2026-05-15 08:43:53,099 [Worker-32: Launching blue-bus-booking-project] INFO  o.eclipse.m2e.core.internal.Bundles - 	Entry: C:\Users\itspa\.p2\pool\plugins\org.eclipse.m2e.maven.runtime_3.9.1200.20260112-2306\jars\maven-resolver-impl-1.9.25.jar
2026-05-15 08:43:53,099 [Worker-32: Launching blue-bus-booking-project] INFO  o.eclipse.m2e.core.internal.Bundles - 	Entry: C:\Users\itspa\.p2\pool\plugins\org.eclipse.m2e.maven.runtime_3.9.1200.20260112-2306\jars\maven-resolver-named-locks-1.9.25.jar
2026-05-15 08:43:53,099 [Worker-32: Launching blue-bus-booking-project] INFO  o.eclipse.m2e.core.internal.Bundles - 	Entry: C:\Users\itspa\.p2\pool\plugins\org.eclipse.m2e.maven.runtime_3.9.1200.20260112-2306\jars\maven-resolver-provider-3.9.12.jar
2026-05-15 08:43:53,099 [Worker-32: Launching blue-bus-booking-project] INFO  o.eclipse.m2e.core.internal.Bundles - 	Entry: C:\Users\itspa\.p2\pool\plugins\org.eclipse.m2e.maven.runtime_3.9.1200.20260112-2306\jars\maven-resolver-spi-1.9.25.jar
2026-05-15 08:43:53,099 [Worker-32: Launching blue-bus-booking-project] INFO  o.eclipse.m2e.core.internal.Bundles - 	Entry: C:\Users\itspa\.p2\pool\plugins\org.eclipse.m2e.maven.runtime_3.9.1200.20260112-2306\jars\maven-resolver-transport-file-1.9.25.jar
2026-05-15 08:43:53,099 [Worker-32: Launching blue-bus-booking-project] INFO  o.eclipse.m2e.core.internal.Bundles - 	Entry: C:\Users\itspa\.p2\pool\plugins\org.eclipse.m2e.maven.runtime_3.9.1200.20260112-2306\jars\maven-resolver-transport-http-1.9.25.jar
2026-05-15 08:43:53,099 [Worker-32: Launching blue-bus-booking-project] INFO  o.eclipse.m2e.core.internal.Bundles - 	Entry: C:\Users\itspa\.p2\pool\plugins\org.eclipse.m2e.maven.runtime_3.9.1200.20260112-2306\jars\maven-resolver-transport-wagon-1.9.25.jar
2026-05-15 08:43:53,100 [Worker-32: Launching blue-bus-booking-project] INFO  o.eclipse.m2e.core.internal.Bundles - 	Entry: C:\Users\itspa\.p2\pool\plugins\org.eclipse.m2e.maven.runtime_3.9.1200.20260112-2306\jars\maven-resolver-util-1.9.25.jar
2026-05-15 08:43:53,100 [Worker-32: Launching blue-bus-booking-project] INFO  o.eclipse.m2e.core.internal.Bundles - 	Entry: C:\Users\itspa\.p2\pool\plugins\org.eclipse.m2e.maven.runtime_3.9.1200.20260112-2306\jars\maven-settings-3.9.12.jar
2026-05-15 08:43:53,100 [Worker-32: Launching blue-bus-booking-project] INFO  o.eclipse.m2e.core.internal.Bundles - 	Entry: C:\Users\itspa\.p2\pool\plugins\org.eclipse.m2e.maven.runtime_3.9.1200.20260112-2306\jars\maven-settings-builder-3.9.12.jar
2026-05-15 08:43:53,100 [Worker-32: Launching blue-bus-booking-project] INFO  o.eclipse.m2e.core.internal.Bundles - 	Entry: C:\Users\itspa\.p2\pool\plugins\org.eclipse.m2e.maven.runtime_3.9.1200.20260112-2306\jars\maven-shared-utils-3.4.2.jar
2026-05-15 08:43:53,101 [Worker-32: Launching blue-bus-booking-project] INFO  o.eclipse.m2e.core.internal.Bundles - 	Entry: C:\Users\itspa\.p2\pool\plugins\org.eclipse.m2e.maven.runtime_3.9.1200.20260112-2306\jars\org.eclipse.sisu.inject-0.9.0.M4.jar
2026-05-15 08:43:53,101 [Worker-32: Launching blue-bus-booking-project] INFO  o.eclipse.m2e.core.internal.Bundles - 	Entry: C:\Users\itspa\.p2\pool\plugins\org.eclipse.m2e.maven.runtime_3.9.1200.20260112-2306\jars\org.eclipse.sisu.plexus-0.9.0.M4.jar
2026-05-15 08:43:53,101 [Worker-32: Launching blue-bus-booking-project] INFO  o.eclipse.m2e.core.internal.Bundles - 	Entry: C:\Users\itspa\.p2\pool\plugins\org.eclipse.m2e.maven.runtime_3.9.1200.20260112-2306\jars\plexus-build-api-0.0.7.jar
2026-05-15 08:43:53,101 [Worker-32: Launching blue-bus-booking-project] INFO  o.eclipse.m2e.core.internal.Bundles - 	Entry: C:\Users\itspa\.p2\pool\plugins\org.eclipse.m2e.maven.runtime_3.9.1200.20260112-2306\jars\plexus-build-api-1.2.0.jar
2026-05-15 08:43:53,101 [Worker-32: Launching blue-bus-booking-project] INFO  o.eclipse.m2e.core.internal.Bundles - 	Entry: C:\Users\itspa\.p2\pool\plugins\org.eclipse.m2e.maven.runtime_3.9.1200.20260112-2306\jars\plexus-cipher-2.0.jar
2026-05-15 08:43:53,101 [Worker-32: Launching blue-bus-booking-project] INFO  o.eclipse.m2e.core.internal.Bundles - 	Entry: C:\Users\itspa\.p2\pool\plugins\org.eclipse.m2e.maven.runtime_3.9.1200.20260112-2306\jars\plexus-classworlds-2.9.0.jar
2026-05-15 08:43:53,101 [Worker-32: Launching blue-bus-booking-project] INFO  o.eclipse.m2e.core.internal.Bundles - 	Entry: C:\Users\itspa\.p2\pool\plugins\org.eclipse.m2e.maven.runtime_3.9.1200.20260112-2306\jars\plexus-component-annotations-2.2.0.jar
2026-05-15 08:43:53,102 [Worker-32: Launching blue-bus-booking-project] INFO  o.eclipse.m2e.core.internal.Bundles - 	Entry: C:\Users\itspa\.p2\pool\plugins\org.eclipse.m2e.maven.runtime_3.9.1200.20260112-2306\jars\plexus-interpolation-1.29.jar
2026-05-15 08:43:53,102 [Worker-32: Launching blue-bus-booking-project] INFO  o.eclipse.m2e.core.internal.Bundles - 	Entry: C:\Users\itspa\.p2\pool\plugins\org.eclipse.m2e.maven.runtime_3.9.1200.20260112-2306\jars\plexus-sec-dispatcher-2.0.jar
2026-05-15 08:43:53,102 [Worker-32: Launching blue-bus-booking-project] INFO  o.eclipse.m2e.core.internal.Bundles - 	Entry: C:\Users\itspa\.p2\pool\plugins\org.eclipse.m2e.maven.runtime_3.9.1200.20260112-2306\jars\plexus-utils-3.6.0.jar
2026-05-15 08:43:53,102 [Worker-32: Launching blue-bus-booking-project] INFO  o.eclipse.m2e.core.internal.Bundles - 	Entry: C:\Users\itspa\.p2\pool\plugins\org.eclipse.m2e.maven.runtime_3.9.1200.20260112-2306\jars\wagon-file-3.5.3.jar
2026-05-15 08:43:53,102 [Worker-32: Launching blue-bus-booking-project] INFO  o.eclipse.m2e.core.internal.Bundles - 	Entry: C:\Users\itspa\.p2\pool\plugins\org.eclipse.m2e.maven.runtime_3.9.1200.20260112-2306\jars\wagon-http-3.5.3.jar
2026-05-15 08:43:53,102 [Worker-32: Launching blue-bus-booking-project] INFO  o.eclipse.m2e.core.internal.Bundles - 	Entry: C:\Users\itspa\.p2\pool\plugins\org.eclipse.m2e.maven.runtime_3.9.1200.20260112-2306\jars\wagon-http-shared-3.5.3.jar
2026-05-15 08:43:53,102 [Worker-32: Launching blue-bus-booking-project] INFO  o.eclipse.m2e.core.internal.Bundles - 	Entry: C:\Users\itspa\.p2\pool\plugins\org.eclipse.m2e.maven.runtime_3.9.1200.20260112-2306\jars\wagon-provider-api-3.5.3.jar
2026-05-15 08:43:53,103 [Worker-32: Launching blue-bus-booking-project] INFO  o.eclipse.m2e.core.internal.Bundles - getClasspathEntries(Bundle=com.google.guava_33.6.0.jre [1027])
2026-05-15 08:43:53,104 [Worker-32: Launching blue-bus-booking-project] INFO  o.eclipse.m2e.core.internal.Bundles - 	Entry: C:\Users\itspa\.p2\pool\plugins\com.google.guava_33.6.0.jre.jar
2026-05-15 08:43:53,104 [Worker-32: Launching blue-bus-booking-project] INFO  o.eclipse.m2e.core.internal.Bundles - getClasspathEntries(Bundle=slf4j.api_2.0.17 [1013])
2026-05-15 08:43:53,104 [Worker-32: Launching blue-bus-booking-project] INFO  o.eclipse.m2e.core.internal.Bundles - 	Entry: C:\Users\itspa\.p2\pool\plugins\slf4j.api_2.0.17.jar
2026-05-15 08:43:53,104 [Worker-32: Launching blue-bus-booking-project] INFO  o.eclipse.m2e.core.internal.Bundles - getClasspathEntries(Bundle=jakarta.inject.jakarta.inject-api_1.0.5 [35])
2026-05-15 08:43:53,104 [Worker-32: Launching blue-bus-booking-project] INFO  o.eclipse.m2e.core.internal.Bundles - 	Entry: C:\Users\itspa\.p2\pool\plugins\jakarta.inject.jakarta.inject-api_1.0.5.jar
2026-05-15 08:43:53,104 [Worker-32: Launching blue-bus-booking-project] INFO  o.eclipse.m2e.core.internal.Bundles - getClasspathEntries(Bundle=jakarta.annotation-api_1.3.5 [31])
2026-05-15 08:43:53,104 [Worker-32: Launching blue-bus-booking-project] INFO  o.eclipse.m2e.core.internal.Bundles - 	Entry: C:\Users\itspa\.p2\pool\plugins\jakarta.annotation-api_1.3.5.jar
2026-05-15 08:43:53,104 [Worker-32: Launching blue-bus-booking-project] INFO  o.eclipse.m2e.core.internal.Bundles - getClasspathEntries(Bundle=org.apache.commons.cli_1.11.0 [83])
2026-05-15 08:43:53,104 [Worker-32: Launching blue-bus-booking-project] INFO  o.eclipse.m2e.core.internal.Bundles - 	Entry: C:\Users\itspa\.p2\pool\plugins\org.apache.commons.cli_1.11.0.jar
2026-05-15 08:43:53,105 [Worker-32: Launching blue-bus-booking-project] INFO  o.eclipse.m2e.core.internal.Bundles - getClasspathEntries(Bundle=org.apache.commons.commons-codec_1.22.0 [85])
2026-05-15 08:43:53,106 [Worker-32: Launching blue-bus-booking-project] INFO  o.eclipse.m2e.core.internal.Bundles - 	Entry: C:\Users\itspa\.p2\pool\plugins\org.apache.commons.commons-codec_1.22.0.jar
2026-05-15 08:43:53,106 [Worker-32: Launching blue-bus-booking-project] INFO  o.eclipse.m2e.core.internal.Bundles - getClasspathEntries(Bundle=com.google.guava.failureaccess_1.0.3 [19])
2026-05-15 08:43:53,106 [Worker-32: Launching blue-bus-booking-project] INFO  o.eclipse.m2e.core.internal.Bundles - 	Entry: C:\Users\itspa\.p2\pool\plugins\com.google.guava.failureaccess_1.0.3.jar
2026-05-15 08:43:53,108 [Worker-32: Launching blue-bus-booking-project] INFO  o.e.m.i.launch.MavenLaunchDelegate - Run build in "C:\Users\itspa\FirstBitSolutions\Blue-Bus-Booking-Project\blue-bus-booking-project":
2026-05-15 08:43:53,113 [Worker-32: Launching blue-bus-booking-project] INFO  o.e.m.i.launch.MavenLaunchDelegate -  mvn  -B -Dstyle.color=always clean package
2026-05-15 10:42:37,860 [Worker-1: Loading available Gradle versions] INFO  o.e.b.c.i.u.g.PublishedGradleVersions - Gradle version information cache is up-to-date. Trying to read.
2026-05-15 17:00:30,092 [Worker-4: Loading available Gradle versions] INFO  o.e.b.c.i.u.g.PublishedGradleVersions - Gradle version information cache is up-to-date. Trying to read.
2026-05-15 18:53:02,390 [Worker-4: Loading available Gradle versions] INFO  o.e.b.c.i.u.g.PublishedGradleVersions - Gradle version information cache is up-to-date. Trying to read.
2026-05-16 09:23:36,673 [Worker-4: Loading available Gradle versions] INFO  o.e.b.c.i.u.g.PublishedGradleVersions - Gradle version information cache is out-of-date. Trying to update.
2026-05-16 11:11:08,650 [Worker-4: Loading available Gradle versions] INFO  o.e.b.c.i.u.g.PublishedGradleVersions - Gradle version information cache is up-to-date. Trying to read.
2026-05-17 15:37:04,404 [Worker-1: Loading available Gradle versions] INFO  o.e.b.c.i.u.g.PublishedGradleVersions - Gradle version information cache is out-of-date. Trying to update.
2026-05-18 11:03:09,600 [Worker-4: Loading available Gradle versions] INFO  o.e.b.c.i.u.g.PublishedGradleVersions - Gradle version information cache is up-to-date. Trying to read.
2026-05-18 11:09:22,335 [Worker-31: Building] INFO  o.a.m.s.f.DefaultMavenResourcesFiltering - Copying 1 resource from src\main\resources to target\classes
2026-05-18 11:09:22,351 [Worker-31: Building] INFO  o.a.m.s.f.DefaultMavenResourcesFiltering - Copying 0 resource from src\main\resources to target\classes
2026-05-18 11:09:22,356 [Worker-31: Building] INFO  o.a.m.s.f.DefaultMavenResourcesFiltering - skip non existing resourceDirectory C:\Users\itspa\FirstBitSolutions\Blue-Bus-Booking-Project\blue-bus-booking-project\src\test\resources
2026-05-18 11:09:22,708 [Worker-31: Building] WARN  o.apache.maven.project.MavenProject - Plugin is modifying compileSourceRoots through clear(), which will not work in Maven 4.0.0. Use MavenProject.addCompileSourceRoot()/removeCompileSourceRoot() methods instead. If using a plugin, please upgrade to the latest version or report the issue to the plugin maintainer. To disable these warnings, set -Dmaven.project.sourceRoots.warningsDisabled=true on the command line, in the .mvn/maven.config file, or in project POM properties.
2026-05-18 11:09:22,710 [Worker-31: Building] WARN  o.apache.maven.project.MavenProject - Plugin is modifying compileSourceRoots through add(), which will not work in Maven 4.0.0. Use MavenProject.addCompileSourceRoot()/removeCompileSourceRoot() methods instead. If using a plugin, please upgrade to the latest version or report the issue to the plugin maintainer. To disable these warnings, set -Dmaven.project.sourceRoots.warningsDisabled=true on the command line, in the .mvn/maven.config file, or in project POM properties.
2026-05-18 11:09:22,711 [Worker-31: Building] WARN  o.apache.maven.project.MavenProject - Plugin is modifying testCompileSourceRoots through clear(), which will not work in Maven 4.0.0. Use MavenProject.addTestCompileSourceRoot()/removeTestCompileSourceRoot() methods instead. If using a plugin, please upgrade to the latest version or report the issue to the plugin maintainer. To disable these warnings, set -Dmaven.project.sourceRoots.warningsDisabled=true on the command line, in the .mvn/maven.config file, or in project POM properties.
2026-05-18 11:09:22,712 [Worker-31: Building] WARN  o.apache.maven.project.MavenProject - Plugin is modifying testCompileSourceRoots through add(), which will not work in Maven 4.0.0. Use MavenProject.addTestCompileSourceRoot()/removeTestCompileSourceRoot() methods instead. If using a plugin, please upgrade to the latest version or report the issue to the plugin maintainer. To disable these warnings, set -Dmaven.project.sourceRoots.warningsDisabled=true on the command line, in the .mvn/maven.config file, or in project POM properties.
2026-05-18 11:14:37,637 [Worker-32: Building] INFO  o.a.m.s.f.DefaultMavenResourcesFiltering - Copying 1 resource from src\main\resources to target\classes
2026-05-18 11:14:37,647 [Worker-32: Building] INFO  o.a.m.s.f.DefaultMavenResourcesFiltering - Copying 0 resource from src\main\resources to target\classes
2026-05-18 11:14:37,650 [Worker-32: Building] INFO  o.a.m.s.f.DefaultMavenResourcesFiltering - skip non existing resourceDirectory C:\Users\itspa\FirstBitSolutions\Blue-Bus-Booking-Project\blue-bus-booking-project\src\test\resources
2026-05-18 11:14:37,651 [Worker-32: Building] WARN  o.apache.maven.project.MavenProject - Plugin is modifying compileSourceRoots through clear(), which will not work in Maven 4.0.0. Use MavenProject.addCompileSourceRoot()/removeCompileSourceRoot() methods instead. If using a plugin, please upgrade to the latest version or report the issue to the plugin maintainer. To disable these warnings, set -Dmaven.project.sourceRoots.warningsDisabled=true on the command line, in the .mvn/maven.config file, or in project POM properties.
2026-05-18 11:14:37,652 [Worker-32: Building] WARN  o.apache.maven.project.MavenProject - Plugin is modifying compileSourceRoots through add(), which will not work in Maven 4.0.0. Use MavenProject.addCompileSourceRoot()/removeCompileSourceRoot() methods instead. If using a plugin, please upgrade to the latest version or report the issue to the plugin maintainer. To disable these warnings, set -Dmaven.project.sourceRoots.warningsDisabled=true on the command line, in the .mvn/maven.config file, or in project POM properties.
2026-05-18 11:14:37,653 [Worker-32: Building] WARN  o.apache.maven.project.MavenProject - Plugin is modifying testCompileSourceRoots through clear(), which will not work in Maven 4.0.0. Use MavenProject.addTestCompileSourceRoot()/removeTestCompileSourceRoot() methods instead. If using a plugin, please upgrade to the latest version or report the issue to the plugin maintainer. To disable these warnings, set -Dmaven.project.sourceRoots.warningsDisabled=true on the command line, in the .mvn/maven.config file, or in project POM properties.
2026-05-18 11:14:37,653 [Worker-32: Building] WARN  o.apache.maven.project.MavenProject - Plugin is modifying testCompileSourceRoots through add(), which will not work in Maven 4.0.0. Use MavenProject.addTestCompileSourceRoot()/removeTestCompileSourceRoot() methods instead. If using a plugin, please upgrade to the latest version or report the issue to the plugin maintainer. To disable these warnings, set -Dmaven.project.sourceRoots.warningsDisabled=true on the command line, in the .mvn/maven.config file, or in project POM properties.
2026-05-18 11:14:53,940 [main] INFO  o.e.m2e.actions.ExecutePomAction - Creating new launch configuration
2026-05-18 11:15:06,102 [Worker-35: Launching blue-bus-booking-project (1)] INFO  o.eclipse.m2e.core.internal.Bundles - getClasspathEntries(Bundle=org.eclipse.m2e.maven.runtime_3.9.1200.20260112-2306 [648])
2026-05-18 11:15:06,104 [Worker-35: Launching blue-bus-booking-project (1)] INFO  o.eclipse.m2e.core.internal.Bundles - 	Entry: C:\Users\itspa\.p2\pool\plugins\org.eclipse.m2e.maven.runtime_3.9.1200.20260112-2306
2026-05-18 11:15:06,104 [Worker-35: Launching blue-bus-booking-project (1)] INFO  o.eclipse.m2e.core.internal.Bundles - 	Entry: C:\Users\itspa\.p2\pool\plugins\org.eclipse.m2e.maven.runtime_3.9.1200.20260112-2306\jars\aopalliance-1.0.jar
2026-05-18 11:15:06,104 [Worker-35: Launching blue-bus-booking-project (1)] INFO  o.eclipse.m2e.core.internal.Bundles - 	Entry: C:\Users\itspa\.p2\pool\plugins\org.eclipse.m2e.maven.runtime_3.9.1200.20260112-2306\jars\asm-9.9.jar
2026-05-18 11:15:06,105 [Worker-35: Launching blue-bus-booking-project (1)] INFO  o.eclipse.m2e.core.internal.Bundles - 	Entry: C:\Users\itspa\.p2\pool\plugins\org.eclipse.m2e.maven.runtime_3.9.1200.20260112-2306\jars\error_prone_annotations-2.41.0.jar
2026-05-18 11:15:06,105 [Worker-35: Launching blue-bus-booking-project (1)] INFO  o.eclipse.m2e.core.internal.Bundles - 	Entry: C:\Users\itspa\.p2\pool\plugins\org.eclipse.m2e.maven.runtime_3.9.1200.20260112-2306\jars\gson-2.13.2.jar
2026-05-18 11:15:06,105 [Worker-35: Launching blue-bus-booking-project (1)] INFO  o.eclipse.m2e.core.internal.Bundles - 	Entry: C:\Users\itspa\.p2\pool\plugins\org.eclipse.m2e.maven.runtime_3.9.1200.20260112-2306\jars\guice-5.1.0-classes.jar
2026-05-18 11:15:06,106 [Worker-35: Launching blue-bus-booking-project (1)] INFO  o.eclipse.m2e.core.internal.Bundles - 	Entry: C:\Users\itspa\.p2\pool\plugins\org.eclipse.m2e.maven.runtime_3.9.1200.20260112-2306\jars\httpclient-4.5.14.jar
2026-05-18 11:15:06,106 [Worker-35: Launching blue-bus-booking-project (1)] INFO  o.eclipse.m2e.core.internal.Bundles - 	Entry: C:\Users\itspa\.p2\pool\plugins\org.eclipse.m2e.maven.runtime_3.9.1200.20260112-2306\jars\httpcore-4.4.16.jar
2026-05-18 11:15:06,106 [Worker-35: Launching blue-bus-booking-project (1)] INFO  o.eclipse.m2e.core.internal.Bundles - 	Entry: C:\Users\itspa\.p2\pool\plugins\org.eclipse.m2e.maven.runtime_3.9.1200.20260112-2306\jars\jansi-2.4.2.jar
2026-05-18 11:15:06,106 [Worker-35: Launching blue-bus-booking-project (1)] INFO  o.eclipse.m2e.core.internal.Bundles - 	Entry: C:\Users\itspa\.p2\pool\plugins\org.eclipse.m2e.maven.runtime_3.9.1200.20260112-2306\jars\jcl-over-slf4j-1.7.36.jar
2026-05-18 11:15:06,106 [Worker-35: Launching blue-bus-booking-project (1)] INFO  o.eclipse.m2e.core.internal.Bundles - 	Entry: C:\Users\itspa\.p2\pool\plugins\org.eclipse.m2e.maven.runtime_3.9.1200.20260112-2306\jars\maven-artifact-3.9.12.jar
2026-05-18 11:15:06,107 [Worker-35: Launching blue-bus-booking-project (1)] INFO  o.eclipse.m2e.core.internal.Bundles - 	Entry: C:\Users\itspa\.p2\pool\plugins\org.eclipse.m2e.maven.runtime_3.9.1200.20260112-2306\jars\maven-builder-support-3.9.12.jar
2026-05-18 11:15:06,107 [Worker-35: Launching blue-bus-booking-project (1)] INFO  o.eclipse.m2e.core.internal.Bundles - 	Entry: C:\Users\itspa\.p2\pool\plugins\org.eclipse.m2e.maven.runtime_3.9.1200.20260112-2306\jars\maven-compat-3.9.12.jar
2026-05-18 11:15:06,107 [Worker-35: Launching blue-bus-booking-project (1)] INFO  o.eclipse.m2e.core.internal.Bundles - 	Entry: C:\Users\itspa\.p2\pool\plugins\org.eclipse.m2e.maven.runtime_3.9.1200.20260112-2306\jars\maven-core-3.9.12.jar
2026-05-18 11:15:06,107 [Worker-35: Launching blue-bus-booking-project (1)] INFO  o.eclipse.m2e.core.internal.Bundles - 	Entry: C:\Users\itspa\.p2\pool\plugins\org.eclipse.m2e.maven.runtime_3.9.1200.20260112-2306\jars\maven-embedder-3.9.12.jar
2026-05-18 11:15:06,107 [Worker-35: Launching blue-bus-booking-project (1)] INFO  o.eclipse.m2e.core.internal.Bundles - 	Entry: C:\Users\itspa\.p2\pool\plugins\org.eclipse.m2e.maven.runtime_3.9.1200.20260112-2306\jars\maven-model-3.9.12.jar
2026-05-18 11:15:06,108 [Worker-35: Launching blue-bus-booking-project (1)] INFO  o.eclipse.m2e.core.internal.Bundles - 	Entry: C:\Users\itspa\.p2\pool\plugins\org.eclipse.m2e.maven.runtime_3.9.1200.20260112-2306\jars\maven-model-builder-3.9.12.jar
2026-05-18 11:15:06,108 [Worker-35: Launching blue-bus-booking-project (1)] INFO  o.eclipse.m2e.core.internal.Bundles - 	Entry: C:\Users\itspa\.p2\pool\plugins\org.eclipse.m2e.maven.runtime_3.9.1200.20260112-2306\jars\maven-plugin-api-3.9.12.jar
2026-05-18 11:15:06,108 [Worker-35: Launching blue-bus-booking-project (1)] INFO  o.eclipse.m2e.core.internal.Bundles - 	Entry: C:\Users\itspa\.p2\pool\plugins\org.eclipse.m2e.maven.runtime_3.9.1200.20260112-2306\jars\maven-repository-metadata-3.9.12.jar
2026-05-18 11:15:06,108 [Worker-35: Launching blue-bus-booking-project (1)] INFO  o.eclipse.m2e.core.internal.Bundles - 	Entry: C:\Users\itspa\.p2\pool\plugins\org.eclipse.m2e.maven.runtime_3.9.1200.20260112-2306\jars\maven-resolver-api-1.9.25.jar
2026-05-18 11:15:06,110 [Worker-35: Launching blue-bus-booking-project (1)] INFO  o.eclipse.m2e.core.internal.Bundles - 	Entry: C:\Users\itspa\.p2\pool\plugins\org.eclipse.m2e.maven.runtime_3.9.1200.20260112-2306\jars\maven-resolver-connector-basic-1.9.25.jar
2026-05-18 11:15:06,111 [Worker-35: Launching blue-bus-booking-project (1)] INFO  o.eclipse.m2e.core.internal.Bundles - 	Entry: C:\Users\itspa\.p2\pool\plugins\org.eclipse.m2e.maven.runtime_3.9.1200.20260112-2306\jars\maven-resolver-impl-1.9.25.jar
2026-05-18 11:15:06,111 [Worker-35: Launching blue-bus-booking-project (1)] INFO  o.eclipse.m2e.core.internal.Bundles - 	Entry: C:\Users\itspa\.p2\pool\plugins\org.eclipse.m2e.maven.runtime_3.9.1200.20260112-2306\jars\maven-resolver-named-locks-1.9.25.jar
2026-05-18 11:15:06,111 [Worker-35: Launching blue-bus-booking-project (1)] INFO  o.eclipse.m2e.core.internal.Bundles - 	Entry: C:\Users\itspa\.p2\pool\plugins\org.eclipse.m2e.maven.runtime_3.9.1200.20260112-2306\jars\maven-resolver-provider-3.9.12.jar
2026-05-18 11:15:06,112 [Worker-35: Launching blue-bus-booking-project (1)] INFO  o.eclipse.m2e.core.internal.Bundles - 	Entry: C:\Users\itspa\.p2\pool\plugins\org.eclipse.m2e.maven.runtime_3.9.1200.20260112-2306\jars\maven-resolver-spi-1.9.25.jar
2026-05-18 11:15:06,112 [Worker-35: Launching blue-bus-booking-project (1)] INFO  o.eclipse.m2e.core.internal.Bundles - 	Entry: C:\Users\itspa\.p2\pool\plugins\org.eclipse.m2e.maven.runtime_3.9.1200.20260112-2306\jars\maven-resolver-transport-file-1.9.25.jar
2026-05-18 11:15:06,112 [Worker-35: Launching blue-bus-booking-project (1)] INFO  o.eclipse.m2e.core.internal.Bundles - 	Entry: C:\Users\itspa\.p2\pool\plugins\org.eclipse.m2e.maven.runtime_3.9.1200.20260112-2306\jars\maven-resolver-transport-http-1.9.25.jar
2026-05-18 11:15:06,112 [Worker-35: Launching blue-bus-booking-project (1)] INFO  o.eclipse.m2e.core.internal.Bundles - 	Entry: C:\Users\itspa\.p2\pool\plugins\org.eclipse.m2e.maven.runtime_3.9.1200.20260112-2306\jars\maven-resolver-transport-wagon-1.9.25.jar
2026-05-18 11:15:06,113 [Worker-35: Launching blue-bus-booking-project (1)] INFO  o.eclipse.m2e.core.internal.Bundles - 	Entry: C:\Users\itspa\.p2\pool\plugins\org.eclipse.m2e.maven.runtime_3.9.1200.20260112-2306\jars\maven-resolver-util-1.9.25.jar
2026-05-18 11:15:06,113 [Worker-35: Launching blue-bus-booking-project (1)] INFO  o.eclipse.m2e.core.internal.Bundles - 	Entry: C:\Users\itspa\.p2\pool\plugins\org.eclipse.m2e.maven.runtime_3.9.1200.20260112-2306\jars\maven-settings-3.9.12.jar
2026-05-18 11:15:06,113 [Worker-35: Launching blue-bus-booking-project (1)] INFO  o.eclipse.m2e.core.internal.Bundles - 	Entry: C:\Users\itspa\.p2\pool\plugins\org.eclipse.m2e.maven.runtime_3.9.1200.20260112-2306\jars\maven-settings-builder-3.9.12.jar
2026-05-18 11:15:06,113 [Worker-35: Launching blue-bus-booking-project (1)] INFO  o.eclipse.m2e.core.internal.Bundles - 	Entry: C:\Users\itspa\.p2\pool\plugins\org.eclipse.m2e.maven.runtime_3.9.1200.20260112-2306\jars\maven-shared-utils-3.4.2.jar
2026-05-18 11:15:06,113 [Worker-35: Launching blue-bus-booking-project (1)] INFO  o.eclipse.m2e.core.internal.Bundles - 	Entry: C:\Users\itspa\.p2\pool\plugins\org.eclipse.m2e.maven.runtime_3.9.1200.20260112-2306\jars\org.eclipse.sisu.inject-0.9.0.M4.jar
2026-05-18 11:15:06,114 [Worker-35: Launching blue-bus-booking-project (1)] INFO  o.eclipse.m2e.core.internal.Bundles - 	Entry: C:\Users\itspa\.p2\pool\plugins\org.eclipse.m2e.maven.runtime_3.9.1200.20260112-2306\jars\org.eclipse.sisu.plexus-0.9.0.M4.jar
2026-05-18 11:15:06,114 [Worker-35: Launching blue-bus-booking-project (1)] INFO  o.eclipse.m2e.core.internal.Bundles - 	Entry: C:\Users\itspa\.p2\pool\plugins\org.eclipse.m2e.maven.runtime_3.9.1200.20260112-2306\jars\plexus-build-api-0.0.7.jar
2026-05-18 11:15:06,114 [Worker-35: Launching blue-bus-booking-project (1)] INFO  o.eclipse.m2e.core.internal.Bundles - 	Entry: C:\Users\itspa\.p2\pool\plugins\org.eclipse.m2e.maven.runtime_3.9.1200.20260112-2306\jars\plexus-build-api-1.2.0.jar
2026-05-18 11:15:06,114 [Worker-35: Launching blue-bus-booking-project (1)] INFO  o.eclipse.m2e.core.internal.Bundles - 	Entry: C:\Users\itspa\.p2\pool\plugins\org.eclipse.m2e.maven.runtime_3.9.1200.20260112-2306\jars\plexus-cipher-2.0.jar
2026-05-18 11:15:06,114 [Worker-35: Launching blue-bus-booking-project (1)] INFO  o.eclipse.m2e.core.internal.Bundles - 	Entry: C:\Users\itspa\.p2\pool\plugins\org.eclipse.m2e.maven.runtime_3.9.1200.20260112-2306\jars\plexus-classworlds-2.9.0.jar
2026-05-18 11:15:06,115 [Worker-35: Launching blue-bus-booking-project (1)] INFO  o.eclipse.m2e.core.internal.Bundles - 	Entry: C:\Users\itspa\.p2\pool\plugins\org.eclipse.m2e.maven.runtime_3.9.1200.20260112-2306\jars\plexus-component-annotations-2.2.0.jar
2026-05-18 11:15:06,115 [Worker-35: Launching blue-bus-booking-project (1)] INFO  o.eclipse.m2e.core.internal.Bundles - 	Entry: C:\Users\itspa\.p2\pool\plugins\org.eclipse.m2e.maven.runtime_3.9.1200.20260112-2306\jars\plexus-interpolation-1.29.jar
2026-05-18 11:15:06,115 [Worker-35: Launching blue-bus-booking-project (1)] INFO  o.eclipse.m2e.core.internal.Bundles - 	Entry: C:\Users\itspa\.p2\pool\plugins\org.eclipse.m2e.maven.runtime_3.9.1200.20260112-2306\jars\plexus-sec-dispatcher-2.0.jar
2026-05-18 11:15:06,115 [Worker-35: Launching blue-bus-booking-project (1)] INFO  o.eclipse.m2e.core.internal.Bundles - 	Entry: C:\Users\itspa\.p2\pool\plugins\org.eclipse.m2e.maven.runtime_3.9.1200.20260112-2306\jars\plexus-utils-3.6.0.jar
2026-05-18 11:15:06,116 [Worker-35: Launching blue-bus-booking-project (1)] INFO  o.eclipse.m2e.core.internal.Bundles - 	Entry: C:\Users\itspa\.p2\pool\plugins\org.eclipse.m2e.maven.runtime_3.9.1200.20260112-2306\jars\wagon-file-3.5.3.jar
2026-05-18 11:15:06,116 [Worker-35: Launching blue-bus-booking-project (1)] INFO  o.eclipse.m2e.core.internal.Bundles - 	Entry: C:\Users\itspa\.p2\pool\plugins\org.eclipse.m2e.maven.runtime_3.9.1200.20260112-2306\jars\wagon-http-3.5.3.jar
2026-05-18 11:15:06,116 [Worker-35: Launching blue-bus-booking-project (1)] INFO  o.eclipse.m2e.core.internal.Bundles - 	Entry: C:\Users\itspa\.p2\pool\plugins\org.eclipse.m2e.maven.runtime_3.9.1200.20260112-2306\jars\wagon-http-shared-3.5.3.jar
2026-05-18 11:15:06,116 [Worker-35: Launching blue-bus-booking-project (1)] INFO  o.eclipse.m2e.core.internal.Bundles - 	Entry: C:\Users\itspa\.p2\pool\plugins\org.eclipse.m2e.maven.runtime_3.9.1200.20260112-2306\jars\wagon-provider-api-3.5.3.jar
2026-05-18 11:15:06,118 [Worker-35: Launching blue-bus-booking-project (1)] INFO  o.eclipse.m2e.core.internal.Bundles - getClasspathEntries(Bundle=com.google.guava_33.6.0.jre [1027])
2026-05-18 11:15:06,118 [Worker-35: Launching blue-bus-booking-project (1)] INFO  o.eclipse.m2e.core.internal.Bundles - 	Entry: C:\Users\itspa\.p2\pool\plugins\com.google.guava_33.6.0.jre.jar
2026-05-18 11:15:06,118 [Worker-35: Launching blue-bus-booking-project (1)] INFO  o.eclipse.m2e.core.internal.Bundles - getClasspathEntries(Bundle=slf4j.api_2.0.17 [1013])
2026-05-18 11:15:06,119 [Worker-35: Launching blue-bus-booking-project (1)] INFO  o.eclipse.m2e.core.internal.Bundles - 	Entry: C:\Users\itspa\.p2\pool\plugins\slf4j.api_2.0.17.jar
2026-05-18 11:15:06,119 [Worker-35: Launching blue-bus-booking-project (1)] INFO  o.eclipse.m2e.core.internal.Bundles - getClasspathEntries(Bundle=jakarta.inject.jakarta.inject-api_1.0.5 [35])
2026-05-18 11:15:06,119 [Worker-35: Launching blue-bus-booking-project (1)] INFO  o.eclipse.m2e.core.internal.Bundles - 	Entry: C:\Users\itspa\.p2\pool\plugins\jakarta.inject.jakarta.inject-api_1.0.5.jar
2026-05-18 11:15:06,119 [Worker-35: Launching blue-bus-booking-project (1)] INFO  o.eclipse.m2e.core.internal.Bundles - getClasspathEntries(Bundle=jakarta.annotation-api_1.3.5 [31])
2026-05-18 11:15:06,121 [Worker-35: Launching blue-bus-booking-project (1)] INFO  o.eclipse.m2e.core.internal.Bundles - 	Entry: C:\Users\itspa\.p2\pool\plugins\jakarta.annotation-api_1.3.5.jar
2026-05-18 11:15:06,121 [Worker-35: Launching blue-bus-booking-project (1)] INFO  o.eclipse.m2e.core.internal.Bundles - getClasspathEntries(Bundle=org.apache.commons.cli_1.11.0 [83])
2026-05-18 11:15:06,121 [Worker-35: Launching blue-bus-booking-project (1)] INFO  o.eclipse.m2e.core.internal.Bundles - 	Entry: C:\Users\itspa\.p2\pool\plugins\org.apache.commons.cli_1.11.0.jar
2026-05-18 11:15:06,121 [Worker-35: Launching blue-bus-booking-project (1)] INFO  o.eclipse.m2e.core.internal.Bundles - getClasspathEntries(Bundle=org.apache.commons.commons-codec_1.22.0 [85])
2026-05-18 11:15:06,122 [Worker-35: Launching blue-bus-booking-project (1)] INFO  o.eclipse.m2e.core.internal.Bundles - 	Entry: C:\Users\itspa\.p2\pool\plugins\org.apache.commons.commons-codec_1.22.0.jar
2026-05-18 11:15:06,122 [Worker-35: Launching blue-bus-booking-project (1)] INFO  o.eclipse.m2e.core.internal.Bundles - getClasspathEntries(Bundle=com.google.guava.failureaccess_1.0.3 [19])
2026-05-18 11:15:06,122 [Worker-35: Launching blue-bus-booking-project (1)] INFO  o.eclipse.m2e.core.internal.Bundles - 	Entry: C:\Users\itspa\.p2\pool\plugins\com.google.guava.failureaccess_1.0.3.jar
2026-05-18 11:15:06,125 [Worker-35: Launching blue-bus-booking-project (1)] INFO  o.e.m.i.launch.MavenLaunchDelegate - Run build in "C:\Users\itspa\FirstBitSolutions\Blue-Bus-Booking-Project\blue-bus-booking-project":
2026-05-18 11:15:06,130 [Worker-35: Launching blue-bus-booking-project (1)] INFO  o.e.m.i.launch.MavenLaunchDelegate -  mvn  -B -Dstyle.color=always clean build
2026-05-18 11:15:19,883 [main] INFO  o.e.m2e.actions.ExecutePomAction - Creating new launch configuration
2026-05-18 11:15:28,531 [Worker-37: Launching blue-bus-booking-project (2)] INFO  o.eclipse.m2e.core.internal.Bundles - getClasspathEntries(Bundle=org.eclipse.m2e.maven.runtime_3.9.1200.20260112-2306 [648])
2026-05-18 11:15:28,532 [Worker-37: Launching blue-bus-booking-project (2)] INFO  o.eclipse.m2e.core.internal.Bundles - 	Entry: C:\Users\itspa\.p2\pool\plugins\org.eclipse.m2e.maven.runtime_3.9.1200.20260112-2306
2026-05-18 11:15:28,532 [Worker-37: Launching blue-bus-booking-project (2)] INFO  o.eclipse.m2e.core.internal.Bundles - 	Entry: C:\Users\itspa\.p2\pool\plugins\org.eclipse.m2e.maven.runtime_3.9.1200.20260112-2306\jars\aopalliance-1.0.jar
2026-05-18 11:15:28,532 [Worker-37: Launching blue-bus-booking-project (2)] INFO  o.eclipse.m2e.core.internal.Bundles - 	Entry: C:\Users\itspa\.p2\pool\plugins\org.eclipse.m2e.maven.runtime_3.9.1200.20260112-2306\jars\asm-9.9.jar
2026-05-18 11:15:28,532 [Worker-37: Launching blue-bus-booking-project (2)] INFO  o.eclipse.m2e.core.internal.Bundles - 	Entry: C:\Users\itspa\.p2\pool\plugins\org.eclipse.m2e.maven.runtime_3.9.1200.20260112-2306\jars\error_prone_annotations-2.41.0.jar
2026-05-18 11:15:28,533 [Worker-37: Launching blue-bus-booking-project (2)] INFO  o.eclipse.m2e.core.internal.Bundles - 	Entry: C:\Users\itspa\.p2\pool\plugins\org.eclipse.m2e.maven.runtime_3.9.1200.20260112-2306\jars\gson-2.13.2.jar
2026-05-18 11:15:28,533 [Worker-37: Launching blue-bus-booking-project (2)] INFO  o.eclipse.m2e.core.internal.Bundles - 	Entry: C:\Users\itspa\.p2\pool\plugins\org.eclipse.m2e.maven.runtime_3.9.1200.20260112-2306\jars\guice-5.1.0-classes.jar
2026-05-18 11:15:28,533 [Worker-37: Launching blue-bus-booking-project (2)] INFO  o.eclipse.m2e.core.internal.Bundles - 	Entry: C:\Users\itspa\.p2\pool\plugins\org.eclipse.m2e.maven.runtime_3.9.1200.20260112-2306\jars\httpclient-4.5.14.jar
2026-05-18 11:15:28,533 [Worker-37: Launching blue-bus-booking-project (2)] INFO  o.eclipse.m2e.core.internal.Bundles - 	Entry: C:\Users\itspa\.p2\pool\plugins\org.eclipse.m2e.maven.runtime_3.9.1200.20260112-2306\jars\httpcore-4.4.16.jar
2026-05-18 11:15:28,533 [Worker-37: Launching blue-bus-booking-project (2)] INFO  o.eclipse.m2e.core.internal.Bundles - 	Entry: C:\Users\itspa\.p2\pool\plugins\org.eclipse.m2e.maven.runtime_3.9.1200.20260112-2306\jars\jansi-2.4.2.jar
2026-05-18 11:15:28,533 [Worker-37: Launching blue-bus-booking-project (2)] INFO  o.eclipse.m2e.core.internal.Bundles - 	Entry: C:\Users\itspa\.p2\pool\plugins\org.eclipse.m2e.maven.runtime_3.9.1200.20260112-2306\jars\jcl-over-slf4j-1.7.36.jar
2026-05-18 11:15:28,533 [Worker-37: Launching blue-bus-booking-project (2)] INFO  o.eclipse.m2e.core.internal.Bundles - 	Entry: C:\Users\itspa\.p2\pool\plugins\org.eclipse.m2e.maven.runtime_3.9.1200.20260112-2306\jars\maven-artifact-3.9.12.jar
2026-05-18 11:15:28,533 [Worker-37: Launching blue-bus-booking-project (2)] INFO  o.eclipse.m2e.core.internal.Bundles - 	Entry: C:\Users\itspa\.p2\pool\plugins\org.eclipse.m2e.maven.runtime_3.9.1200.20260112-2306\jars\maven-builder-support-3.9.12.jar
2026-05-18 11:15:28,534 [Worker-37: Launching blue-bus-booking-project (2)] INFO  o.eclipse.m2e.core.internal.Bundles - 	Entry: C:\Users\itspa\.p2\pool\plugins\org.eclipse.m2e.maven.runtime_3.9.1200.20260112-2306\jars\maven-compat-3.9.12.jar
2026-05-18 11:15:28,534 [Worker-37: Launching blue-bus-booking-project (2)] INFO  o.eclipse.m2e.core.internal.Bundles - 	Entry: C:\Users\itspa\.p2\pool\plugins\org.eclipse.m2e.maven.runtime_3.9.1200.20260112-2306\jars\maven-core-3.9.12.jar
2026-05-18 11:15:28,534 [Worker-37: Launching blue-bus-booking-project (2)] INFO  o.eclipse.m2e.core.internal.Bundles - 	Entry: C:\Users\itspa\.p2\pool\plugins\org.eclipse.m2e.maven.runtime_3.9.1200.20260112-2306\jars\maven-embedder-3.9.12.jar
2026-05-18 11:15:28,534 [Worker-37: Launching blue-bus-booking-project (2)] INFO  o.eclipse.m2e.core.internal.Bundles - 	Entry: C:\Users\itspa\.p2\pool\plugins\org.eclipse.m2e.maven.runtime_3.9.1200.20260112-2306\jars\maven-model-3.9.12.jar
2026-05-18 11:15:28,534 [Worker-37: Launching blue-bus-booking-project (2)] INFO  o.eclipse.m2e.core.internal.Bundles - 	Entry: C:\Users\itspa\.p2\pool\plugins\org.eclipse.m2e.maven.runtime_3.9.1200.20260112-2306\jars\maven-model-builder-3.9.12.jar
2026-05-18 11:15:28,534 [Worker-37: Launching blue-bus-booking-project (2)] INFO  o.eclipse.m2e.core.internal.Bundles - 	Entry: C:\Users\itspa\.p2\pool\plugins\org.eclipse.m2e.maven.runtime_3.9.1200.20260112-2306\jars\maven-plugin-api-3.9.12.jar
2026-05-18 11:15:28,534 [Worker-37: Launching blue-bus-booking-project (2)] INFO  o.eclipse.m2e.core.internal.Bundles - 	Entry: C:\Users\itspa\.p2\pool\plugins\org.eclipse.m2e.maven.runtime_3.9.1200.20260112-2306\jars\maven-repository-metadata-3.9.12.jar
2026-05-18 11:15:28,534 [Worker-37: Launching blue-bus-booking-project (2)] INFO  o.eclipse.m2e.core.internal.Bundles - 	Entry: C:\Users\itspa\.p2\pool\plugins\org.eclipse.m2e.maven.runtime_3.9.1200.20260112-2306\jars\maven-resolver-api-1.9.25.jar
2026-05-18 11:15:28,534 [Worker-37: Launching blue-bus-booking-project (2)] INFO  o.eclipse.m2e.core.internal.Bundles - 	Entry: C:\Users\itspa\.p2\pool\plugins\org.eclipse.m2e.maven.runtime_3.9.1200.20260112-2306\jars\maven-resolver-connector-basic-1.9.25.jar
2026-05-18 11:15:28,535 [Worker-37: Launching blue-bus-booking-project (2)] INFO  o.eclipse.m2e.core.internal.Bundles - 	Entry: C:\Users\itspa\.p2\pool\plugins\org.eclipse.m2e.maven.runtime_3.9.1200.20260112-2306\jars\maven-resolver-impl-1.9.25.jar
2026-05-18 11:15:28,535 [Worker-37: Launching blue-bus-booking-project (2)] INFO  o.eclipse.m2e.core.internal.Bundles - 	Entry: C:\Users\itspa\.p2\pool\plugins\org.eclipse.m2e.maven.runtime_3.9.1200.20260112-2306\jars\maven-resolver-named-locks-1.9.25.jar
2026-05-18 11:15:28,535 [Worker-37: Launching blue-bus-booking-project (2)] INFO  o.eclipse.m2e.core.internal.Bundles - 	Entry: C:\Users\itspa\.p2\pool\plugins\org.eclipse.m2e.maven.runtime_3.9.1200.20260112-2306\jars\maven-resolver-provider-3.9.12.jar
2026-05-18 11:15:28,535 [Worker-37: Launching blue-bus-booking-project (2)] INFO  o.eclipse.m2e.core.internal.Bundles - 	Entry: C:\Users\itspa\.p2\pool\plugins\org.eclipse.m2e.maven.runtime_3.9.1200.20260112-2306\jars\maven-resolver-spi-1.9.25.jar
2026-05-18 11:15:28,535 [Worker-37: Launching blue-bus-booking-project (2)] INFO  o.eclipse.m2e.core.internal.Bundles - 	Entry: C:\Users\itspa\.p2\pool\plugins\org.eclipse.m2e.maven.runtime_3.9.1200.20260112-2306\jars\maven-resolver-transport-file-1.9.25.jar
2026-05-18 11:15:28,535 [Worker-37: Launching blue-bus-booking-project (2)] INFO  o.eclipse.m2e.core.internal.Bundles - 	Entry: C:\Users\itspa\.p2\pool\plugins\org.eclipse.m2e.maven.runtime_3.9.1200.20260112-2306\jars\maven-resolver-transport-http-1.9.25.jar
2026-05-18 11:15:28,535 [Worker-37: Launching blue-bus-booking-project (2)] INFO  o.eclipse.m2e.core.internal.Bundles - 	Entry: C:\Users\itspa\.p2\pool\plugins\org.eclipse.m2e.maven.runtime_3.9.1200.20260112-2306\jars\maven-resolver-transport-wagon-1.9.25.jar
2026-05-18 11:15:28,535 [Worker-37: Launching blue-bus-booking-project (2)] INFO  o.eclipse.m2e.core.internal.Bundles - 	Entry: C:\Users\itspa\.p2\pool\plugins\org.eclipse.m2e.maven.runtime_3.9.1200.20260112-2306\jars\maven-resolver-util-1.9.25.jar
2026-05-18 11:15:28,535 [Worker-37: Launching blue-bus-booking-project (2)] INFO  o.eclipse.m2e.core.internal.Bundles - 	Entry: C:\Users\itspa\.p2\pool\plugins\org.eclipse.m2e.maven.runtime_3.9.1200.20260112-2306\jars\maven-settings-3.9.12.jar
2026-05-18 11:15:28,535 [Worker-37: Launching blue-bus-booking-project (2)] INFO  o.eclipse.m2e.core.internal.Bundles - 	Entry: C:\Users\itspa\.p2\pool\plugins\org.eclipse.m2e.maven.runtime_3.9.1200.20260112-2306\jars\maven-settings-builder-3.9.12.jar
2026-05-18 11:15:28,536 [Worker-37: Launching blue-bus-booking-project (2)] INFO  o.eclipse.m2e.core.internal.Bundles - 	Entry: C:\Users\itspa\.p2\pool\plugins\org.eclipse.m2e.maven.runtime_3.9.1200.20260112-2306\jars\maven-shared-utils-3.4.2.jar
2026-05-18 11:15:28,536 [Worker-37: Launching blue-bus-booking-project (2)] INFO  o.eclipse.m2e.core.internal.Bundles - 	Entry: C:\Users\itspa\.p2\pool\plugins\org.eclipse.m2e.maven.runtime_3.9.1200.20260112-2306\jars\org.eclipse.sisu.inject-0.9.0.M4.jar
2026-05-18 11:15:28,536 [Worker-37: Launching blue-bus-booking-project (2)] INFO  o.eclipse.m2e.core.internal.Bundles - 	Entry: C:\Users\itspa\.p2\pool\plugins\org.eclipse.m2e.maven.runtime_3.9.1200.20260112-2306\jars\org.eclipse.sisu.plexus-0.9.0.M4.jar
2026-05-18 11:15:28,536 [Worker-37: Launching blue-bus-booking-project (2)] INFO  o.eclipse.m2e.core.internal.Bundles - 	Entry: C:\Users\itspa\.p2\pool\plugins\org.eclipse.m2e.maven.runtime_3.9.1200.20260112-2306\jars\plexus-build-api-0.0.7.jar
2026-05-18 11:15:28,536 [Worker-37: Launching blue-bus-booking-project (2)] INFO  o.eclipse.m2e.core.internal.Bundles - 	Entry: C:\Users\itspa\.p2\pool\plugins\org.eclipse.m2e.maven.runtime_3.9.1200.20260112-2306\jars\plexus-build-api-1.2.0.jar
2026-05-18 11:15:28,537 [Worker-37: Launching blue-bus-booking-project (2)] INFO  o.eclipse.m2e.core.internal.Bundles - 	Entry: C:\Users\itspa\.p2\pool\plugins\org.eclipse.m2e.maven.runtime_3.9.1200.20260112-2306\jars\plexus-cipher-2.0.jar
2026-05-18 11:15:28,537 [Worker-37: Launching blue-bus-booking-project (2)] INFO  o.eclipse.m2e.core.internal.Bundles - 	Entry: C:\Users\itspa\.p2\pool\plugins\org.eclipse.m2e.maven.runtime_3.9.1200.20260112-2306\jars\plexus-classworlds-2.9.0.jar
2026-05-18 11:15:28,537 [Worker-37: Launching blue-bus-booking-project (2)] INFO  o.eclipse.m2e.core.internal.Bundles - 	Entry: C:\Users\itspa\.p2\pool\plugins\org.eclipse.m2e.maven.runtime_3.9.1200.20260112-2306\jars\plexus-component-annotations-2.2.0.jar
2026-05-18 11:15:28,537 [Worker-37: Launching blue-bus-booking-project (2)] INFO  o.eclipse.m2e.core.internal.Bundles - 	Entry: C:\Users\itspa\.p2\pool\plugins\org.eclipse.m2e.maven.runtime_3.9.1200.20260112-2306\jars\plexus-interpolation-1.29.jar
2026-05-18 11:15:28,537 [Worker-37: Launching blue-bus-booking-project (2)] INFO  o.eclipse.m2e.core.internal.Bundles - 	Entry: C:\Users\itspa\.p2\pool\plugins\org.eclipse.m2e.maven.runtime_3.9.1200.20260112-2306\jars\plexus-sec-dispatcher-2.0.jar
2026-05-18 11:15:28,537 [Worker-37: Launching blue-bus-booking-project (2)] INFO  o.eclipse.m2e.core.internal.Bundles - 	Entry: C:\Users\itspa\.p2\pool\plugins\org.eclipse.m2e.maven.runtime_3.9.1200.20260112-2306\jars\plexus-utils-3.6.0.jar
2026-05-18 11:15:28,538 [Worker-37: Launching blue-bus-booking-project (2)] INFO  o.eclipse.m2e.core.internal.Bundles - 	Entry: C:\Users\itspa\.p2\pool\plugins\org.eclipse.m2e.maven.runtime_3.9.1200.20260112-2306\jars\wagon-file-3.5.3.jar
2026-05-18 11:15:28,538 [Worker-37: Launching blue-bus-booking-project (2)] INFO  o.eclipse.m2e.core.internal.Bundles - 	Entry: C:\Users\itspa\.p2\pool\plugins\org.eclipse.m2e.maven.runtime_3.9.1200.20260112-2306\jars\wagon-http-3.5.3.jar
2026-05-18 11:15:28,538 [Worker-37: Launching blue-bus-booking-project (2)] INFO  o.eclipse.m2e.core.internal.Bundles - 	Entry: C:\Users\itspa\.p2\pool\plugins\org.eclipse.m2e.maven.runtime_3.9.1200.20260112-2306\jars\wagon-http-shared-3.5.3.jar
2026-05-18 11:15:28,538 [Worker-37: Launching blue-bus-booking-project (2)] INFO  o.eclipse.m2e.core.internal.Bundles - 	Entry: C:\Users\itspa\.p2\pool\plugins\org.eclipse.m2e.maven.runtime_3.9.1200.20260112-2306\jars\wagon-provider-api-3.5.3.jar
2026-05-18 11:15:28,539 [Worker-37: Launching blue-bus-booking-project (2)] INFO  o.eclipse.m2e.core.internal.Bundles - getClasspathEntries(Bundle=com.google.guava_33.6.0.jre [1027])
2026-05-18 11:15:28,539 [Worker-37: Launching blue-bus-booking-project (2)] INFO  o.eclipse.m2e.core.internal.Bundles - 	Entry: C:\Users\itspa\.p2\pool\plugins\com.google.guava_33.6.0.jre.jar
2026-05-18 11:15:28,539 [Worker-37: Launching blue-bus-booking-project (2)] INFO  o.eclipse.m2e.core.internal.Bundles - getClasspathEntries(Bundle=slf4j.api_2.0.17 [1013])
2026-05-18 11:15:28,540 [Worker-37: Launching blue-bus-booking-project (2)] INFO  o.eclipse.m2e.core.internal.Bundles - 	Entry: C:\Users\itspa\.p2\pool\plugins\slf4j.api_2.0.17.jar
2026-05-18 11:15:28,540 [Worker-37: Launching blue-bus-booking-project (2)] INFO  o.eclipse.m2e.core.internal.Bundles - getClasspathEntries(Bundle=jakarta.inject.jakarta.inject-api_1.0.5 [35])
2026-05-18 11:15:28,540 [Worker-37: Launching blue-bus-booking-project (2)] INFO  o.eclipse.m2e.core.internal.Bundles - 	Entry: C:\Users\itspa\.p2\pool\plugins\jakarta.inject.jakarta.inject-api_1.0.5.jar
2026-05-18 11:15:28,540 [Worker-37: Launching blue-bus-booking-project (2)] INFO  o.eclipse.m2e.core.internal.Bundles - getClasspathEntries(Bundle=jakarta.annotation-api_1.3.5 [31])
2026-05-18 11:15:28,540 [Worker-37: Launching blue-bus-booking-project (2)] INFO  o.eclipse.m2e.core.internal.Bundles - 	Entry: C:\Users\itspa\.p2\pool\plugins\jakarta.annotation-api_1.3.5.jar
2026-05-18 11:15:28,540 [Worker-37: Launching blue-bus-booking-project (2)] INFO  o.eclipse.m2e.core.internal.Bundles - getClasspathEntries(Bundle=org.apache.commons.cli_1.11.0 [83])
2026-05-18 11:15:28,540 [Worker-37: Launching blue-bus-booking-project (2)] INFO  o.eclipse.m2e.core.internal.Bundles - 	Entry: C:\Users\itspa\.p2\pool\plugins\org.apache.commons.cli_1.11.0.jar
2026-05-18 11:15:28,540 [Worker-37: Launching blue-bus-booking-project (2)] INFO  o.eclipse.m2e.core.internal.Bundles - getClasspathEntries(Bundle=org.apache.commons.commons-codec_1.22.0 [85])
2026-05-18 11:15:28,541 [Worker-37: Launching blue-bus-booking-project (2)] INFO  o.eclipse.m2e.core.internal.Bundles - 	Entry: C:\Users\itspa\.p2\pool\plugins\org.apache.commons.commons-codec_1.22.0.jar
2026-05-18 11:15:28,541 [Worker-37: Launching blue-bus-booking-project (2)] INFO  o.eclipse.m2e.core.internal.Bundles - getClasspathEntries(Bundle=com.google.guava.failureaccess_1.0.3 [19])
2026-05-18 11:15:28,541 [Worker-37: Launching blue-bus-booking-project (2)] INFO  o.eclipse.m2e.core.internal.Bundles - 	Entry: C:\Users\itspa\.p2\pool\plugins\com.google.guava.failureaccess_1.0.3.jar
2026-05-18 11:15:28,543 [Worker-37: Launching blue-bus-booking-project (2)] INFO  o.e.m.i.launch.MavenLaunchDelegate - Run build in "C:\Users\itspa\FirstBitSolutions\Blue-Bus-Booking-Project\blue-bus-booking-project":
2026-05-18 11:15:28,543 [Worker-37: Launching blue-bus-booking-project (2)] INFO  o.e.m.i.launch.MavenLaunchDelegate -  mvn  -B -Dstyle.color=always clean package
2026-05-18 15:25:59,151 [Worker-4: Loading available Gradle versions] INFO  o.e.b.c.i.u.g.PublishedGradleVersions - Gradle version information cache is up-to-date. Trying to read.
2026-05-20 12:21:13,068 [Worker-4: Loading available Gradle versions] INFO  o.e.b.c.i.u.g.PublishedGradleVersions - Gradle version information cache is out-of-date. Trying to update.
2026-05-20 15:00:12,227 [Worker-4: Loading available Gradle versions] INFO  o.e.b.c.i.u.g.PublishedGradleVersions - Gradle version information cache is up-to-date. Trying to read.
2026-05-20 15:01:14,715 [Worker-21: Launching BlueBusBookingProjectApplication] INFO  o.a.m.s.f.DefaultMavenResourcesFiltering - Copying 1 resource from src\main\resources to target\classes
2026-05-20 15:01:14,735 [Worker-21: Launching BlueBusBookingProjectApplication] INFO  o.a.m.s.f.DefaultMavenResourcesFiltering - Copying 0 resource from src\main\resources to target\classes
2026-05-20 15:01:14,740 [Worker-21: Launching BlueBusBookingProjectApplication] INFO  o.a.m.s.f.DefaultMavenResourcesFiltering - skip non existing resourceDirectory C:\Users\itspa\FirstBitSolutions\Blue-Bus-Booking-Project\blue-bus-booking-project\src\test\resources
2026-05-20 15:01:15,001 [Worker-21: Launching BlueBusBookingProjectApplication] WARN  o.apache.maven.project.MavenProject - Plugin is modifying compileSourceRoots through clear(), which will not work in Maven 4.0.0. Use MavenProject.addCompileSourceRoot()/removeCompileSourceRoot() methods instead. If using a plugin, please upgrade to the latest version or report the issue to the plugin maintainer. To disable these warnings, set -Dmaven.project.sourceRoots.warningsDisabled=true on the command line, in the .mvn/maven.config file, or in project POM properties.
2026-05-20 15:01:15,001 [Worker-21: Launching BlueBusBookingProjectApplication] WARN  o.apache.maven.project.MavenProject - Plugin is modifying compileSourceRoots through add(), which will not work in Maven 4.0.0. Use MavenProject.addCompileSourceRoot()/removeCompileSourceRoot() methods instead. If using a plugin, please upgrade to the latest version or report the issue to the plugin maintainer. To disable these warnings, set -Dmaven.project.sourceRoots.warningsDisabled=true on the command line, in the .mvn/maven.config file, or in project POM properties.
2026-05-20 15:01:15,002 [Worker-21: Launching BlueBusBookingProjectApplication] WARN  o.apache.maven.project.MavenProject - Plugin is modifying testCompileSourceRoots through clear(), which will not work in Maven 4.0.0. Use MavenProject.addTestCompileSourceRoot()/removeTestCompileSourceRoot() methods instead. If using a plugin, please upgrade to the latest version or report the issue to the plugin maintainer. To disable these warnings, set -Dmaven.project.sourceRoots.warningsDisabled=true on the command line, in the .mvn/maven.config file, or in project POM properties.
2026-05-20 15:01:15,003 [Worker-21: Launching BlueBusBookingProjectApplication] WARN  o.apache.maven.project.MavenProject - Plugin is modifying testCompileSourceRoots through add(), which will not work in Maven 4.0.0. Use MavenProject.addTestCompileSourceRoot()/removeTestCompileSourceRoot() methods instead. If using a plugin, please upgrade to the latest version or report the issue to the plugin maintainer. To disable these warnings, set -Dmaven.project.sourceRoots.warningsDisabled=true on the command line, in the .mvn/maven.config file, or in project POM properties.
2026-05-20 15:01:16,558 [Worker-25: Building] INFO  o.a.m.s.f.DefaultMavenResourcesFiltering - Copying 1 resource from src\main\resources to target\classes
2026-05-20 15:01:16,562 [Worker-25: Building] INFO  o.a.m.s.f.DefaultMavenResourcesFiltering - Copying 0 resource from src\main\resources to target\classes
2026-05-20 15:01:16,567 [Worker-25: Building] INFO  o.a.m.s.f.DefaultMavenResourcesFiltering - skip non existing resourceDirectory C:\Users\itspa\FirstBitSolutions\Blue-Bus-Booking-Project\blue-bus-booking-project\src\test\resources
2026-05-20 15:01:16,612 [Worker-25: Building] WARN  o.apache.maven.project.MavenProject - Plugin is modifying compileSourceRoots through clear(), which will not work in Maven 4.0.0. Use MavenProject.addCompileSourceRoot()/removeCompileSourceRoot() methods instead. If using a plugin, please upgrade to the latest version or report the issue to the plugin maintainer. To disable these warnings, set -Dmaven.project.sourceRoots.warningsDisabled=true on the command line, in the .mvn/maven.config file, or in project POM properties.
2026-05-20 15:01:16,613 [Worker-25: Building] WARN  o.apache.maven.project.MavenProject - Plugin is modifying compileSourceRoots through add(), which will not work in Maven 4.0.0. Use MavenProject.addCompileSourceRoot()/removeCompileSourceRoot() methods instead. If using a plugin, please upgrade to the latest version or report the issue to the plugin maintainer. To disable these warnings, set -Dmaven.project.sourceRoots.warningsDisabled=true on the command line, in the .mvn/maven.config file, or in project POM properties.
2026-05-20 15:01:16,614 [Worker-25: Building] WARN  o.apache.maven.project.MavenProject - Plugin is modifying testCompileSourceRoots through clear(), which will not work in Maven 4.0.0. Use MavenProject.addTestCompileSourceRoot()/removeTestCompileSourceRoot() methods instead. If using a plugin, please upgrade to the latest version or report the issue to the plugin maintainer. To disable these warnings, set -Dmaven.project.sourceRoots.warningsDisabled=true on the command line, in the .mvn/maven.config file, or in project POM properties.
2026-05-20 15:01:16,616 [Worker-25: Building] WARN  o.apache.maven.project.MavenProject - Plugin is modifying testCompileSourceRoots through add(), which will not work in Maven 4.0.0. Use MavenProject.addTestCompileSourceRoot()/removeTestCompileSourceRoot() methods instead. If using a plugin, please upgrade to the latest version or report the issue to the plugin maintainer. To disable these warnings, set -Dmaven.project.sourceRoots.warningsDisabled=true on the command line, in the .mvn/maven.config file, or in project POM properties.
2026-05-20 15:14:14,014 [Worker-2: Loading available Gradle versions] INFO  o.e.b.c.i.u.g.PublishedGradleVersions - Gradle version information cache is up-to-date. Trying to read.
2026-05-20 15:29:15,157 [Worker-34: Building] INFO  o.a.m.s.f.DefaultMavenResourcesFiltering - Copying 1 resource from src\main\resources to target\classes
2026-05-20 15:29:15,175 [Worker-34: Building] INFO  o.a.m.s.f.DefaultMavenResourcesFiltering - Copying 0 resource from src\main\resources to target\classes
2026-05-20 15:29:15,180 [Worker-34: Building] INFO  o.a.m.s.f.DefaultMavenResourcesFiltering - skip non existing resourceDirectory C:\Users\itspa\FirstBitSolutions\Blue-Bus-Booking-Project\blue-bus-booking-project\src\test\resources
2026-05-20 15:29:15,559 [Worker-34: Building] WARN  o.apache.maven.project.MavenProject - Plugin is modifying compileSourceRoots through clear(), which will not work in Maven 4.0.0. Use MavenProject.addCompileSourceRoot()/removeCompileSourceRoot() methods instead. If using a plugin, please upgrade to the latest version or report the issue to the plugin maintainer. To disable these warnings, set -Dmaven.project.sourceRoots.warningsDisabled=true on the command line, in the .mvn/maven.config file, or in project POM properties.
2026-05-20 15:29:15,560 [Worker-34: Building] WARN  o.apache.maven.project.MavenProject - Plugin is modifying compileSourceRoots through add(), which will not work in Maven 4.0.0. Use MavenProject.addCompileSourceRoot()/removeCompileSourceRoot() methods instead. If using a plugin, please upgrade to the latest version or report the issue to the plugin maintainer. To disable these warnings, set -Dmaven.project.sourceRoots.warningsDisabled=true on the command line, in the .mvn/maven.config file, or in project POM properties.
2026-05-20 15:29:15,561 [Worker-34: Building] WARN  o.apache.maven.project.MavenProject - Plugin is modifying testCompileSourceRoots through clear(), which will not work in Maven 4.0.0. Use MavenProject.addTestCompileSourceRoot()/removeTestCompileSourceRoot() methods instead. If using a plugin, please upgrade to the latest version or report the issue to the plugin maintainer. To disable these warnings, set -Dmaven.project.sourceRoots.warningsDisabled=true on the command line, in the .mvn/maven.config file, or in project POM properties.
2026-05-20 15:29:15,562 [Worker-34: Building] WARN  o.apache.maven.project.MavenProject - Plugin is modifying testCompileSourceRoots through add(), which will not work in Maven 4.0.0. Use MavenProject.addTestCompileSourceRoot()/removeTestCompileSourceRoot() methods instead. If using a plugin, please upgrade to the latest version or report the issue to the plugin maintainer. To disable these warnings, set -Dmaven.project.sourceRoots.warningsDisabled=true on the command line, in the .mvn/maven.config file, or in project POM properties.
2026-05-20 15:37:47,652 [Worker-38: Building] INFO  o.a.m.s.f.DefaultMavenResourcesFiltering - Copying 1 resource from src\main\resources to target\classes
2026-05-20 15:37:47,669 [Worker-38: Building] INFO  o.a.m.s.f.DefaultMavenResourcesFiltering - Copying 0 resource from src\main\resources to target\classes
2026-05-20 15:37:47,676 [Worker-38: Building] INFO  o.a.m.s.f.DefaultMavenResourcesFiltering - skip non existing resourceDirectory C:\Users\itspa\FirstBitSolutions\Blue-Bus-Booking-Project\blue-bus-booking-project\src\test\resources
2026-05-20 15:37:47,766 [Worker-38: Building] WARN  o.apache.maven.project.MavenProject - Plugin is modifying compileSourceRoots through clear(), which will not work in Maven 4.0.0. Use MavenProject.addCompileSourceRoot()/removeCompileSourceRoot() methods instead. If using a plugin, please upgrade to the latest version or report the issue to the plugin maintainer. To disable these warnings, set -Dmaven.project.sourceRoots.warningsDisabled=true on the command line, in the .mvn/maven.config file, or in project POM properties.
2026-05-20 15:37:47,768 [Worker-38: Building] WARN  o.apache.maven.project.MavenProject - Plugin is modifying compileSourceRoots through add(), which will not work in Maven 4.0.0. Use MavenProject.addCompileSourceRoot()/removeCompileSourceRoot() methods instead. If using a plugin, please upgrade to the latest version or report the issue to the plugin maintainer. To disable these warnings, set -Dmaven.project.sourceRoots.warningsDisabled=true on the command line, in the .mvn/maven.config file, or in project POM properties.
2026-05-20 15:37:47,770 [Worker-38: Building] WARN  o.apache.maven.project.MavenProject - Plugin is modifying testCompileSourceRoots through clear(), which will not work in Maven 4.0.0. Use MavenProject.addTestCompileSourceRoot()/removeTestCompileSourceRoot() methods instead. If using a plugin, please upgrade to the latest version or report the issue to the plugin maintainer. To disable these warnings, set -Dmaven.project.sourceRoots.warningsDisabled=true on the command line, in the .mvn/maven.config file, or in project POM properties.
2026-05-20 15:37:47,772 [Worker-38: Building] WARN  o.apache.maven.project.MavenProject - Plugin is modifying testCompileSourceRoots through add(), which will not work in Maven 4.0.0. Use MavenProject.addTestCompileSourceRoot()/removeTestCompileSourceRoot() methods instead. If using a plugin, please upgrade to the latest version or report the issue to the plugin maintainer. To disable these warnings, set -Dmaven.project.sourceRoots.warningsDisabled=true on the command line, in the .mvn/maven.config file, or in project POM properties.
2026-05-20 15:49:39,447 [Worker-6: Loading available Gradle versions] INFO  o.e.b.c.i.u.g.PublishedGradleVersions - Gradle version information cache is up-to-date. Trying to read.
2026-05-20 15:55:19,134 [Worker-8: Building] INFO  o.a.m.s.f.DefaultMavenResourcesFiltering - Copying 1 resource from src\main\resources to target\classes
2026-05-20 15:55:19,179 [Worker-8: Building] INFO  o.a.m.s.f.DefaultMavenResourcesFiltering - Copying 0 resource from src\main\resources to target\classes
2026-05-20 15:55:19,188 [Worker-8: Building] INFO  o.a.m.s.f.DefaultMavenResourcesFiltering - skip non existing resourceDirectory C:\Users\itspa\FirstBitSolutions\Blue-Bus-Booking-Project\blue-bus-booking-project\src\test\resources
2026-05-20 15:55:19,605 [Worker-8: Building] WARN  o.apache.maven.project.MavenProject - Plugin is modifying compileSourceRoots through clear(), which will not work in Maven 4.0.0. Use MavenProject.addCompileSourceRoot()/removeCompileSourceRoot() methods instead. If using a plugin, please upgrade to the latest version or report the issue to the plugin maintainer. To disable these warnings, set -Dmaven.project.sourceRoots.warningsDisabled=true on the command line, in the .mvn/maven.config file, or in project POM properties.
2026-05-20 15:55:19,606 [Worker-8: Building] WARN  o.apache.maven.project.MavenProject - Plugin is modifying compileSourceRoots through add(), which will not work in Maven 4.0.0. Use MavenProject.addCompileSourceRoot()/removeCompileSourceRoot() methods instead. If using a plugin, please upgrade to the latest version or report the issue to the plugin maintainer. To disable these warnings, set -Dmaven.project.sourceRoots.warningsDisabled=true on the command line, in the .mvn/maven.config file, or in project POM properties.
2026-05-20 15:55:19,607 [Worker-8: Building] WARN  o.apache.maven.project.MavenProject - Plugin is modifying testCompileSourceRoots through clear(), which will not work in Maven 4.0.0. Use MavenProject.addTestCompileSourceRoot()/removeTestCompileSourceRoot() methods instead. If using a plugin, please upgrade to the latest version or report the issue to the plugin maintainer. To disable these warnings, set -Dmaven.project.sourceRoots.warningsDisabled=true on the command line, in the .mvn/maven.config file, or in project POM properties.
2026-05-20 15:55:19,607 [Worker-8: Building] WARN  o.apache.maven.project.MavenProject - Plugin is modifying testCompileSourceRoots through add(), which will not work in Maven 4.0.0. Use MavenProject.addTestCompileSourceRoot()/removeTestCompileSourceRoot() methods instead. If using a plugin, please upgrade to the latest version or report the issue to the plugin maintainer. To disable these warnings, set -Dmaven.project.sourceRoots.warningsDisabled=true on the command line, in the .mvn/maven.config file, or in project POM properties.
2026-05-20 15:57:39,847 [Worker-6: Building] INFO  o.a.m.s.f.DefaultMavenResourcesFiltering - Copying 1 resource from src\main\resources to target\classes
2026-05-20 15:57:39,857 [Worker-6: Building] INFO  o.a.m.s.f.DefaultMavenResourcesFiltering - Copying 0 resource from src\main\resources to target\classes
2026-05-20 15:57:39,861 [Worker-6: Building] INFO  o.a.m.s.f.DefaultMavenResourcesFiltering - skip non existing resourceDirectory C:\Users\itspa\FirstBitSolutions\Blue-Bus-Booking-Project\blue-bus-booking-project\src\test\resources
2026-05-20 15:57:39,862 [Worker-6: Building] WARN  o.apache.maven.project.MavenProject - Plugin is modifying compileSourceRoots through clear(), which will not work in Maven 4.0.0. Use MavenProject.addCompileSourceRoot()/removeCompileSourceRoot() methods instead. If using a plugin, please upgrade to the latest version or report the issue to the plugin maintainer. To disable these warnings, set -Dmaven.project.sourceRoots.warningsDisabled=true on the command line, in the .mvn/maven.config file, or in project POM properties.
2026-05-20 15:57:39,863 [Worker-6: Building] WARN  o.apache.maven.project.MavenProject - Plugin is modifying compileSourceRoots through add(), which will not work in Maven 4.0.0. Use MavenProject.addCompileSourceRoot()/removeCompileSourceRoot() methods instead. If using a plugin, please upgrade to the latest version or report the issue to the plugin maintainer. To disable these warnings, set -Dmaven.project.sourceRoots.warningsDisabled=true on the command line, in the .mvn/maven.config file, or in project POM properties.
2026-05-20 15:57:39,864 [Worker-6: Building] WARN  o.apache.maven.project.MavenProject - Plugin is modifying testCompileSourceRoots through clear(), which will not work in Maven 4.0.0. Use MavenProject.addTestCompileSourceRoot()/removeTestCompileSourceRoot() methods instead. If using a plugin, please upgrade to the latest version or report the issue to the plugin maintainer. To disable these warnings, set -Dmaven.project.sourceRoots.warningsDisabled=true on the command line, in the .mvn/maven.config file, or in project POM properties.
2026-05-20 15:57:39,865 [Worker-6: Building] WARN  o.apache.maven.project.MavenProject - Plugin is modifying testCompileSourceRoots through add(), which will not work in Maven 4.0.0. Use MavenProject.addTestCompileSourceRoot()/removeTestCompileSourceRoot() methods instead. If using a plugin, please upgrade to the latest version or report the issue to the plugin maintainer. To disable these warnings, set -Dmaven.project.sourceRoots.warningsDisabled=true on the command line, in the .mvn/maven.config file, or in project POM properties.
2026-05-20 16:10:50,164 [main] INFO  o.e.m2e.actions.ExecutePomAction - Creating new launch configuration
2026-05-20 16:10:58,031 [Worker-36: Launching blue-bus-booking-project (3)] INFO  o.eclipse.m2e.core.internal.Bundles - getClasspathEntries(Bundle=org.eclipse.m2e.maven.runtime_3.9.1200.20260112-2306 [648])
2026-05-20 16:10:58,034 [Worker-36: Launching blue-bus-booking-project (3)] INFO  o.eclipse.m2e.core.internal.Bundles - 	Entry: C:\Users\itspa\.p2\pool\plugins\org.eclipse.m2e.maven.runtime_3.9.1200.20260112-2306
2026-05-20 16:10:58,036 [Worker-36: Launching blue-bus-booking-project (3)] INFO  o.eclipse.m2e.core.internal.Bundles - 	Entry: C:\Users\itspa\.p2\pool\plugins\org.eclipse.m2e.maven.runtime_3.9.1200.20260112-2306\jars\aopalliance-1.0.jar
2026-05-20 16:10:58,036 [Worker-36: Launching blue-bus-booking-project (3)] INFO  o.eclipse.m2e.core.internal.Bundles - 	Entry: C:\Users\itspa\.p2\pool\plugins\org.eclipse.m2e.maven.runtime_3.9.1200.20260112-2306\jars\asm-9.9.jar
2026-05-20 16:10:58,037 [Worker-36: Launching blue-bus-booking-project (3)] INFO  o.eclipse.m2e.core.internal.Bundles - 	Entry: C:\Users\itspa\.p2\pool\plugins\org.eclipse.m2e.maven.runtime_3.9.1200.20260112-2306\jars\error_prone_annotations-2.41.0.jar
2026-05-20 16:10:58,037 [Worker-36: Launching blue-bus-booking-project (3)] INFO  o.eclipse.m2e.core.internal.Bundles - 	Entry: C:\Users\itspa\.p2\pool\plugins\org.eclipse.m2e.maven.runtime_3.9.1200.20260112-2306\jars\gson-2.13.2.jar
2026-05-20 16:10:58,038 [Worker-36: Launching blue-bus-booking-project (3)] INFO  o.eclipse.m2e.core.internal.Bundles - 	Entry: C:\Users\itspa\.p2\pool\plugins\org.eclipse.m2e.maven.runtime_3.9.1200.20260112-2306\jars\guice-5.1.0-classes.jar
2026-05-20 16:10:58,038 [Worker-36: Launching blue-bus-booking-project (3)] INFO  o.eclipse.m2e.core.internal.Bundles - 	Entry: C:\Users\itspa\.p2\pool\plugins\org.eclipse.m2e.maven.runtime_3.9.1200.20260112-2306\jars\httpclient-4.5.14.jar
2026-05-20 16:10:58,039 [Worker-36: Launching blue-bus-booking-project (3)] INFO  o.eclipse.m2e.core.internal.Bundles - 	Entry: C:\Users\itspa\.p2\pool\plugins\org.eclipse.m2e.maven.runtime_3.9.1200.20260112-2306\jars\httpcore-4.4.16.jar
2026-05-20 16:10:58,039 [Worker-36: Launching blue-bus-booking-project (3)] INFO  o.eclipse.m2e.core.internal.Bundles - 	Entry: C:\Users\itspa\.p2\pool\plugins\org.eclipse.m2e.maven.runtime_3.9.1200.20260112-2306\jars\jansi-2.4.2.jar
2026-05-20 16:10:58,039 [Worker-36: Launching blue-bus-booking-project (3)] INFO  o.eclipse.m2e.core.internal.Bundles - 	Entry: C:\Users\itspa\.p2\pool\plugins\org.eclipse.m2e.maven.runtime_3.9.1200.20260112-2306\jars\jcl-over-slf4j-1.7.36.jar
2026-05-20 16:10:58,040 [Worker-36: Launching blue-bus-booking-project (3)] INFO  o.eclipse.m2e.core.internal.Bundles - 	Entry: C:\Users\itspa\.p2\pool\plugins\org.eclipse.m2e.maven.runtime_3.9.1200.20260112-2306\jars\maven-artifact-3.9.12.jar
2026-05-20 16:10:58,040 [Worker-36: Launching blue-bus-booking-project (3)] INFO  o.eclipse.m2e.core.internal.Bundles - 	Entry: C:\Users\itspa\.p2\pool\plugins\org.eclipse.m2e.maven.runtime_3.9.1200.20260112-2306\jars\maven-builder-support-3.9.12.jar
2026-05-20 16:10:58,041 [Worker-36: Launching blue-bus-booking-project (3)] INFO  o.eclipse.m2e.core.internal.Bundles - 	Entry: C:\Users\itspa\.p2\pool\plugins\org.eclipse.m2e.maven.runtime_3.9.1200.20260112-2306\jars\maven-compat-3.9.12.jar
2026-05-20 16:10:58,041 [Worker-36: Launching blue-bus-booking-project (3)] INFO  o.eclipse.m2e.core.internal.Bundles - 	Entry: C:\Users\itspa\.p2\pool\plugins\org.eclipse.m2e.maven.runtime_3.9.1200.20260112-2306\jars\maven-core-3.9.12.jar
2026-05-20 16:10:58,042 [Worker-36: Launching blue-bus-booking-project (3)] INFO  o.eclipse.m2e.core.internal.Bundles - 	Entry: C:\Users\itspa\.p2\pool\plugins\org.eclipse.m2e.maven.runtime_3.9.1200.20260112-2306\jars\maven-embedder-3.9.12.jar
2026-05-20 16:10:58,042 [Worker-36: Launching blue-bus-booking-project (3)] INFO  o.eclipse.m2e.core.internal.Bundles - 	Entry: C:\Users\itspa\.p2\pool\plugins\org.eclipse.m2e.maven.runtime_3.9.1200.20260112-2306\jars\maven-model-3.9.12.jar
2026-05-20 16:10:58,042 [Worker-36: Launching blue-bus-booking-project (3)] INFO  o.eclipse.m2e.core.internal.Bundles - 	Entry: C:\Users\itspa\.p2\pool\plugins\org.eclipse.m2e.maven.runtime_3.9.1200.20260112-2306\jars\maven-model-builder-3.9.12.jar
2026-05-20 16:10:58,042 [Worker-36: Launching blue-bus-booking-project (3)] INFO  o.eclipse.m2e.core.internal.Bundles - 	Entry: C:\Users\itspa\.p2\pool\plugins\org.eclipse.m2e.maven.runtime_3.9.1200.20260112-2306\jars\maven-plugin-api-3.9.12.jar
2026-05-20 16:10:58,043 [Worker-36: Launching blue-bus-booking-project (3)] INFO  o.eclipse.m2e.core.internal.Bundles - 	Entry: C:\Users\itspa\.p2\pool\plugins\org.eclipse.m2e.maven.runtime_3.9.1200.20260112-2306\jars\maven-repository-metadata-3.9.12.jar
2026-05-20 16:10:58,043 [Worker-36: Launching blue-bus-booking-project (3)] INFO  o.eclipse.m2e.core.internal.Bundles - 	Entry: C:\Users\itspa\.p2\pool\plugins\org.eclipse.m2e.maven.runtime_3.9.1200.20260112-2306\jars\maven-resolver-api-1.9.25.jar
2026-05-20 16:10:58,043 [Worker-36: Launching blue-bus-booking-project (3)] INFO  o.eclipse.m2e.core.internal.Bundles - 	Entry: C:\Users\itspa\.p2\pool\plugins\org.eclipse.m2e.maven.runtime_3.9.1200.20260112-2306\jars\maven-resolver-connector-basic-1.9.25.jar
2026-05-20 16:10:58,043 [Worker-36: Launching blue-bus-booking-project (3)] INFO  o.eclipse.m2e.core.internal.Bundles - 	Entry: C:\Users\itspa\.p2\pool\plugins\org.eclipse.m2e.maven.runtime_3.9.1200.20260112-2306\jars\maven-resolver-impl-1.9.25.jar
2026-05-20 16:10:58,044 [Worker-36: Launching blue-bus-booking-project (3)] INFO  o.eclipse.m2e.core.internal.Bundles - 	Entry: C:\Users\itspa\.p2\pool\plugins\org.eclipse.m2e.maven.runtime_3.9.1200.20260112-2306\jars\maven-resolver-named-locks-1.9.25.jar
2026-05-20 16:10:58,044 [Worker-36: Launching blue-bus-booking-project (3)] INFO  o.eclipse.m2e.core.internal.Bundles - 	Entry: C:\Users\itspa\.p2\pool\plugins\org.eclipse.m2e.maven.runtime_3.9.1200.20260112-2306\jars\maven-resolver-provider-3.9.12.jar
2026-05-20 16:10:58,044 [Worker-36: Launching blue-bus-booking-project (3)] INFO  o.eclipse.m2e.core.internal.Bundles - 	Entry: C:\Users\itspa\.p2\pool\plugins\org.eclipse.m2e.maven.runtime_3.9.1200.20260112-2306\jars\maven-resolver-spi-1.9.25.jar
2026-05-20 16:10:58,044 [Worker-36: Launching blue-bus-booking-project (3)] INFO  o.eclipse.m2e.core.internal.Bundles - 	Entry: C:\Users\itspa\.p2\pool\plugins\org.eclipse.m2e.maven.runtime_3.9.1200.20260112-2306\jars\maven-resolver-transport-file-1.9.25.jar
2026-05-20 16:10:58,045 [Worker-36: Launching blue-bus-booking-project (3)] INFO  o.eclipse.m2e.core.internal.Bundles - 	Entry: C:\Users\itspa\.p2\pool\plugins\org.eclipse.m2e.maven.runtime_3.9.1200.20260112-2306\jars\maven-resolver-transport-http-1.9.25.jar
2026-05-20 16:10:58,046 [Worker-36: Launching blue-bus-booking-project (3)] INFO  o.eclipse.m2e.core.internal.Bundles - 	Entry: C:\Users\itspa\.p2\pool\plugins\org.eclipse.m2e.maven.runtime_3.9.1200.20260112-2306\jars\maven-resolver-transport-wagon-1.9.25.jar
2026-05-20 16:10:58,046 [Worker-36: Launching blue-bus-booking-project (3)] INFO  o.eclipse.m2e.core.internal.Bundles - 	Entry: C:\Users\itspa\.p2\pool\plugins\org.eclipse.m2e.maven.runtime_3.9.1200.20260112-2306\jars\maven-resolver-util-1.9.25.jar
2026-05-20 16:10:58,047 [Worker-36: Launching blue-bus-booking-project (3)] INFO  o.eclipse.m2e.core.internal.Bundles - 	Entry: C:\Users\itspa\.p2\pool\plugins\org.eclipse.m2e.maven.runtime_3.9.1200.20260112-2306\jars\maven-settings-3.9.12.jar
2026-05-20 16:10:58,047 [Worker-36: Launching blue-bus-booking-project (3)] INFO  o.eclipse.m2e.core.internal.Bundles - 	Entry: C:\Users\itspa\.p2\pool\plugins\org.eclipse.m2e.maven.runtime_3.9.1200.20260112-2306\jars\maven-settings-builder-3.9.12.jar
2026-05-20 16:10:58,047 [Worker-36: Launching blue-bus-booking-project (3)] INFO  o.eclipse.m2e.core.internal.Bundles - 	Entry: C:\Users\itspa\.p2\pool\plugins\org.eclipse.m2e.maven.runtime_3.9.1200.20260112-2306\jars\maven-shared-utils-3.4.2.jar
2026-05-20 16:10:58,048 [Worker-36: Launching blue-bus-booking-project (3)] INFO  o.eclipse.m2e.core.internal.Bundles - 	Entry: C:\Users\itspa\.p2\pool\plugins\org.eclipse.m2e.maven.runtime_3.9.1200.20260112-2306\jars\org.eclipse.sisu.inject-0.9.0.M4.jar
2026-05-20 16:10:58,048 [Worker-36: Launching blue-bus-booking-project (3)] INFO  o.eclipse.m2e.core.internal.Bundles - 	Entry: C:\Users\itspa\.p2\pool\plugins\org.eclipse.m2e.maven.runtime_3.9.1200.20260112-2306\jars\org.eclipse.sisu.plexus-0.9.0.M4.jar
2026-05-20 16:10:58,048 [Worker-36: Launching blue-bus-booking-project (3)] INFO  o.eclipse.m2e.core.internal.Bundles - 	Entry: C:\Users\itspa\.p2\pool\plugins\org.eclipse.m2e.maven.runtime_3.9.1200.20260112-2306\jars\plexus-build-api-0.0.7.jar
2026-05-20 16:10:58,048 [Worker-36: Launching blue-bus-booking-project (3)] INFO  o.eclipse.m2e.core.internal.Bundles - 	Entry: C:\Users\itspa\.p2\pool\plugins\org.eclipse.m2e.maven.runtime_3.9.1200.20260112-2306\jars\plexus-build-api-1.2.0.jar
2026-05-20 16:10:58,048 [Worker-36: Launching blue-bus-booking-project (3)] INFO  o.eclipse.m2e.core.internal.Bundles - 	Entry: C:\Users\itspa\.p2\pool\plugins\org.eclipse.m2e.maven.runtime_3.9.1200.20260112-2306\jars\plexus-cipher-2.0.jar
2026-05-20 16:10:58,049 [Worker-36: Launching blue-bus-booking-project (3)] INFO  o.eclipse.m2e.core.internal.Bundles - 	Entry: C:\Users\itspa\.p2\pool\plugins\org.eclipse.m2e.maven.runtime_3.9.1200.20260112-2306\jars\plexus-classworlds-2.9.0.jar
2026-05-20 16:10:58,049 [Worker-36: Launching blue-bus-booking-project (3)] INFO  o.eclipse.m2e.core.internal.Bundles - 	Entry: C:\Users\itspa\.p2\pool\plugins\org.eclipse.m2e.maven.runtime_3.9.1200.20260112-2306\jars\plexus-component-annotations-2.2.0.jar
2026-05-20 16:10:58,049 [Worker-36: Launching blue-bus-booking-project (3)] INFO  o.eclipse.m2e.core.internal.Bundles - 	Entry: C:\Users\itspa\.p2\pool\plugins\org.eclipse.m2e.maven.runtime_3.9.1200.20260112-2306\jars\plexus-interpolation-1.29.jar
2026-05-20 16:10:58,049 [Worker-36: Launching blue-bus-booking-project (3)] INFO  o.eclipse.m2e.core.internal.Bundles - 	Entry: C:\Users\itspa\.p2\pool\plugins\org.eclipse.m2e.maven.runtime_3.9.1200.20260112-2306\jars\plexus-sec-dispatcher-2.0.jar
2026-05-20 16:10:58,050 [Worker-36: Launching blue-bus-booking-project (3)] INFO  o.eclipse.m2e.core.internal.Bundles - 	Entry: C:\Users\itspa\.p2\pool\plugins\org.eclipse.m2e.maven.runtime_3.9.1200.20260112-2306\jars\plexus-utils-3.6.0.jar
2026-05-20 16:10:58,050 [Worker-36: Launching blue-bus-booking-project (3)] INFO  o.eclipse.m2e.core.internal.Bundles - 	Entry: C:\Users\itspa\.p2\pool\plugins\org.eclipse.m2e.maven.runtime_3.9.1200.20260112-2306\jars\wagon-file-3.5.3.jar
2026-05-20 16:10:58,050 [Worker-36: Launching blue-bus-booking-project (3)] INFO  o.eclipse.m2e.core.internal.Bundles - 	Entry: C:\Users\itspa\.p2\pool\plugins\org.eclipse.m2e.maven.runtime_3.9.1200.20260112-2306\jars\wagon-http-3.5.3.jar
2026-05-20 16:10:58,051 [Worker-36: Launching blue-bus-booking-project (3)] INFO  o.eclipse.m2e.core.internal.Bundles - 	Entry: C:\Users\itspa\.p2\pool\plugins\org.eclipse.m2e.maven.runtime_3.9.1200.20260112-2306\jars\wagon-http-shared-3.5.3.jar
2026-05-20 16:10:58,051 [Worker-36: Launching blue-bus-booking-project (3)] INFO  o.eclipse.m2e.core.internal.Bundles - 	Entry: C:\Users\itspa\.p2\pool\plugins\org.eclipse.m2e.maven.runtime_3.9.1200.20260112-2306\jars\wagon-provider-api-3.5.3.jar
2026-05-20 16:10:58,054 [Worker-36: Launching blue-bus-booking-project (3)] INFO  o.eclipse.m2e.core.internal.Bundles - getClasspathEntries(Bundle=com.google.guava_33.6.0.jre [1027])
2026-05-20 16:10:58,055 [Worker-36: Launching blue-bus-booking-project (3)] INFO  o.eclipse.m2e.core.internal.Bundles - 	Entry: C:\Users\itspa\.p2\pool\plugins\com.google.guava_33.6.0.jre.jar
2026-05-20 16:10:58,055 [Worker-36: Launching blue-bus-booking-project (3)] INFO  o.eclipse.m2e.core.internal.Bundles - getClasspathEntries(Bundle=slf4j.api_2.0.17 [1013])
2026-05-20 16:10:58,055 [Worker-36: Launching blue-bus-booking-project (3)] INFO  o.eclipse.m2e.core.internal.Bundles - 	Entry: C:\Users\itspa\.p2\pool\plugins\slf4j.api_2.0.17.jar
2026-05-20 16:10:58,055 [Worker-36: Launching blue-bus-booking-project (3)] INFO  o.eclipse.m2e.core.internal.Bundles - getClasspathEntries(Bundle=jakarta.inject.jakarta.inject-api_1.0.5 [35])
2026-05-20 16:10:58,056 [Worker-36: Launching blue-bus-booking-project (3)] INFO  o.eclipse.m2e.core.internal.Bundles - 	Entry: C:\Users\itspa\.p2\pool\plugins\jakarta.inject.jakarta.inject-api_1.0.5.jar
2026-05-20 16:10:58,056 [Worker-36: Launching blue-bus-booking-project (3)] INFO  o.eclipse.m2e.core.internal.Bundles - getClasspathEntries(Bundle=jakarta.annotation-api_1.3.5 [31])
2026-05-20 16:10:58,057 [Worker-36: Launching blue-bus-booking-project (3)] INFO  o.eclipse.m2e.core.internal.Bundles - 	Entry: C:\Users\itspa\.p2\pool\plugins\jakarta.annotation-api_1.3.5.jar
2026-05-20 16:10:58,057 [Worker-36: Launching blue-bus-booking-project (3)] INFO  o.eclipse.m2e.core.internal.Bundles - getClasspathEntries(Bundle=org.apache.commons.cli_1.11.0 [83])
2026-05-20 16:10:58,058 [Worker-36: Launching blue-bus-booking-project (3)] INFO  o.eclipse.m2e.core.internal.Bundles - 	Entry: C:\Users\itspa\.p2\pool\plugins\org.apache.commons.cli_1.11.0.jar
2026-05-20 16:10:58,058 [Worker-36: Launching blue-bus-booking-project (3)] INFO  o.eclipse.m2e.core.internal.Bundles - getClasspathEntries(Bundle=org.apache.commons.commons-codec_1.22.0 [85])
2026-05-20 16:10:58,058 [Worker-36: Launching blue-bus-booking-project (3)] INFO  o.eclipse.m2e.core.internal.Bundles - 	Entry: C:\Users\itspa\.p2\pool\plugins\org.apache.commons.commons-codec_1.22.0.jar
2026-05-20 16:10:58,058 [Worker-36: Launching blue-bus-booking-project (3)] INFO  o.eclipse.m2e.core.internal.Bundles - getClasspathEntries(Bundle=com.google.guava.failureaccess_1.0.3 [19])
2026-05-20 16:10:58,059 [Worker-36: Launching blue-bus-booking-project (3)] INFO  o.eclipse.m2e.core.internal.Bundles - 	Entry: C:\Users\itspa\.p2\pool\plugins\com.google.guava.failureaccess_1.0.3.jar
2026-05-20 16:10:58,062 [Worker-36: Launching blue-bus-booking-project (3)] INFO  o.e.m.i.launch.MavenLaunchDelegate - Run build in "C:\Users\itspa\FirstBitSolutions\Blue-Bus-Booking-Project\blue-bus-booking-project":
2026-05-20 16:10:58,063 [Worker-36: Launching blue-bus-booking-project (3)] INFO  o.e.m.i.launch.MavenLaunchDelegate -  mvn  -B -Dstyle.color=always clean package
2026-05-20 19:17:20,856 [Worker-6: Loading available Gradle versions] INFO  o.e.b.c.i.u.g.PublishedGradleVersions - Gradle version information cache is up-to-date. Trying to read.
2026-05-22 23:22:39,659 [Worker-1: Loading available Gradle versions] INFO  o.e.b.c.i.u.g.PublishedGradleVersions - Gradle version information cache is out-of-date. Trying to update.
2026-06-12 12:00:46,355 [Worker-5: Loading available Gradle versions] INFO  o.e.b.c.i.u.g.PublishedGradleVersions - Gradle version information cache is out-of-date. Trying to update.
2026-06-12 12:01:33,011 [Worker-22: Building] INFO  o.a.m.s.f.DefaultMavenResourcesFiltering - Copying 1 resource from src\main\resources to target\classes
2026-06-12 12:01:33,026 [Worker-22: Building] INFO  o.a.m.s.f.DefaultMavenResourcesFiltering - Copying 0 resource from src\main\resources to target\classes
2026-06-12 12:01:33,032 [Worker-22: Building] INFO  o.a.m.s.f.DefaultMavenResourcesFiltering - skip non existing resourceDirectory C:\Users\itspa\FirstBitSolutions\Blue-Bus-Booking-Project\blue-bus-booking-project\src\test\resources
2026-06-12 12:01:33,228 [Worker-22: Building] WARN  o.apache.maven.project.MavenProject - Plugin is modifying compileSourceRoots through clear(), which will not work in Maven 4.0.0. Use MavenProject.addCompileSourceRoot()/removeCompileSourceRoot() methods instead. If using a plugin, please upgrade to the latest version or report the issue to the plugin maintainer. To disable these warnings, set -Dmaven.project.sourceRoots.warningsDisabled=true on the command line, in the .mvn/maven.config file, or in project POM properties.
2026-06-12 12:01:33,229 [Worker-22: Building] WARN  o.apache.maven.project.MavenProject - Plugin is modifying compileSourceRoots through add(), which will not work in Maven 4.0.0. Use MavenProject.addCompileSourceRoot()/removeCompileSourceRoot() methods instead. If using a plugin, please upgrade to the latest version or report the issue to the plugin maintainer. To disable these warnings, set -Dmaven.project.sourceRoots.warningsDisabled=true on the command line, in the .mvn/maven.config file, or in project POM properties.
2026-06-12 12:01:33,230 [Worker-22: Building] WARN  o.apache.maven.project.MavenProject - Plugin is modifying testCompileSourceRoots through clear(), which will not work in Maven 4.0.0. Use MavenProject.addTestCompileSourceRoot()/removeTestCompileSourceRoot() methods instead. If using a plugin, please upgrade to the latest version or report the issue to the plugin maintainer. To disable these warnings, set -Dmaven.project.sourceRoots.warningsDisabled=true on the command line, in the .mvn/maven.config file, or in project POM properties.
2026-06-12 12:01:33,230 [Worker-22: Building] WARN  o.apache.maven.project.MavenProject - Plugin is modifying testCompileSourceRoots through add(), which will not work in Maven 4.0.0. Use MavenProject.addTestCompileSourceRoot()/removeTestCompileSourceRoot() methods instead. If using a plugin, please upgrade to the latest version or report the issue to the plugin maintainer. To disable these warnings, set -Dmaven.project.sourceRoots.warningsDisabled=true on the command line, in the .mvn/maven.config file, or in project POM properties.
2026-06-12 19:38:41,468 [Worker-6: Loading available Gradle versions] INFO  o.e.b.c.i.u.g.PublishedGradleVersions - Gradle version information cache is up-to-date. Trying to read.
2026-06-12 21:34:42,022 [Worker-6: Loading available Gradle versions] INFO  o.e.b.c.i.u.g.PublishedGradleVersions - Gradle version information cache is up-to-date. Trying to read.
2026-06-17 15:28:08,210 [Worker-4: Loading available Gradle versions] INFO  o.e.b.c.i.u.g.PublishedGradleVersions - Gradle version information cache is out-of-date. Trying to update.
2026-06-17 18:15:49,971 [Worker-88: Building] INFO  o.a.m.s.f.DefaultMavenResourcesFiltering - Copying 1 resource from src\main\resources to target\classes
2026-06-17 18:15:50,000 [Worker-88: Building] INFO  o.a.m.s.f.DefaultMavenResourcesFiltering - Copying 0 resource from src\main\resources to target\classes
2026-06-17 18:15:50,006 [Worker-88: Building] INFO  o.a.m.s.f.DefaultMavenResourcesFiltering - skip non existing resourceDirectory C:\Users\itspa\FirstBitSolutions\Blue-Bus-Booking-Project\blue-bus-booking-project\src\test\resources
2026-06-17 18:15:50,612 [Worker-88: Building] WARN  o.apache.maven.project.MavenProject - Plugin is modifying compileSourceRoots through clear(), which will not work in Maven 4.0.0. Use MavenProject.addCompileSourceRoot()/removeCompileSourceRoot() methods instead. If using a plugin, please upgrade to the latest version or report the issue to the plugin maintainer. To disable these warnings, set -Dmaven.project.sourceRoots.warningsDisabled=true on the command line, in the .mvn/maven.config file, or in project POM properties.
2026-06-17 18:15:50,613 [Worker-88: Building] WARN  o.apache.maven.project.MavenProject - Plugin is modifying compileSourceRoots through add(), which will not work in Maven 4.0.0. Use MavenProject.addCompileSourceRoot()/removeCompileSourceRoot() methods instead. If using a plugin, please upgrade to the latest version or report the issue to the plugin maintainer. To disable these warnings, set -Dmaven.project.sourceRoots.warningsDisabled=true on the command line, in the .mvn/maven.config file, or in project POM properties.
2026-06-17 18:15:50,614 [Worker-88: Building] WARN  o.apache.maven.project.MavenProject - Plugin is modifying testCompileSourceRoots through clear(), which will not work in Maven 4.0.0. Use MavenProject.addTestCompileSourceRoot()/removeTestCompileSourceRoot() methods instead. If using a plugin, please upgrade to the latest version or report the issue to the plugin maintainer. To disable these warnings, set -Dmaven.project.sourceRoots.warningsDisabled=true on the command line, in the .mvn/maven.config file, or in project POM properties.
2026-06-17 18:15:50,615 [Worker-88: Building] WARN  o.apache.maven.project.MavenProject - Plugin is modifying testCompileSourceRoots through add(), which will not work in Maven 4.0.0. Use MavenProject.addTestCompileSourceRoot()/removeTestCompileSourceRoot() methods instead. If using a plugin, please upgrade to the latest version or report the issue to the plugin maintainer. To disable these warnings, set -Dmaven.project.sourceRoots.warningsDisabled=true on the command line, in the .mvn/maven.config file, or in project POM properties.
2026-06-17 18:30:23,218 [Worker-95: Building] INFO  o.a.m.s.f.DefaultMavenResourcesFiltering - Copying 1 resource from src\main\resources to target\classes
2026-06-17 18:30:23,259 [Worker-95: Building] INFO  o.a.m.s.f.DefaultMavenResourcesFiltering - Copying 0 resource from src\main\resources to target\classes
2026-06-17 18:30:23,262 [Worker-95: Building] INFO  o.a.m.s.f.DefaultMavenResourcesFiltering - skip non existing resourceDirectory C:\Users\itspa\FirstBitSolutions\Blue-Bus-Booking-Project\blue-bus-booking-project\src\test\resources
2026-06-17 18:30:23,263 [Worker-95: Building] WARN  o.apache.maven.project.MavenProject - Plugin is modifying compileSourceRoots through clear(), which will not work in Maven 4.0.0. Use MavenProject.addCompileSourceRoot()/removeCompileSourceRoot() methods instead. If using a plugin, please upgrade to the latest version or report the issue to the plugin maintainer. To disable these warnings, set -Dmaven.project.sourceRoots.warningsDisabled=true on the command line, in the .mvn/maven.config file, or in project POM properties.
2026-06-17 18:30:23,264 [Worker-95: Building] WARN  o.apache.maven.project.MavenProject - Plugin is modifying compileSourceRoots through add(), which will not work in Maven 4.0.0. Use MavenProject.addCompileSourceRoot()/removeCompileSourceRoot() methods instead. If using a plugin, please upgrade to the latest version or report the issue to the plugin maintainer. To disable these warnings, set -Dmaven.project.sourceRoots.warningsDisabled=true on the command line, in the .mvn/maven.config file, or in project POM properties.
2026-06-17 18:30:23,264 [Worker-95: Building] WARN  o.apache.maven.project.MavenProject - Plugin is modifying testCompileSourceRoots through clear(), which will not work in Maven 4.0.0. Use MavenProject.addTestCompileSourceRoot()/removeTestCompileSourceRoot() methods instead. If using a plugin, please upgrade to the latest version or report the issue to the plugin maintainer. To disable these warnings, set -Dmaven.project.sourceRoots.warningsDisabled=true on the command line, in the .mvn/maven.config file, or in project POM properties.
2026-06-17 18:30:23,264 [Worker-95: Building] WARN  o.apache.maven.project.MavenProject - Plugin is modifying testCompileSourceRoots through add(), which will not work in Maven 4.0.0. Use MavenProject.addTestCompileSourceRoot()/removeTestCompileSourceRoot() methods instead. If using a plugin, please upgrade to the latest version or report the issue to the plugin maintainer. To disable these warnings, set -Dmaven.project.sourceRoots.warningsDisabled=true on the command line, in the .mvn/maven.config file, or in project POM properties.
2026-06-17 21:53:46,445 [Worker-5: Loading available Gradle versions] INFO  o.e.b.c.i.u.g.PublishedGradleVersions - Gradle version information cache is up-to-date. Trying to read.
2026-07-03 14:03:12,063 [Worker-7: Loading available Gradle versions] INFO  o.e.b.c.i.u.g.PublishedGradleVersions - Gradle version information cache is out-of-date. Trying to update.
2026-07-03 14:16:04,678 [Worker-40: Building] INFO  o.e.m.c.i.l.LifecycleMappingFactory - Using org.eclipse.m2e.jdt.JarLifecycleMapping lifecycle mapping for MavenProject: com.bluebus.booking:blue-bus-booking-project:0.0.1-SNAPSHOT @ C:\Users\itspa\FirstBitSolutions\Blue-Bus-Booking-Project\blue-bus-booking-project\pom.xml.
2026-07-03 14:16:07,016 [Worker-40: Building] INFO  o.e.m.c.i.e.AbstractTransferListenerAdapter - Downloaded https://repo.spring.io/milestone/org/postgresql/postgresql/42.7.4/postgresql-42.7.4.pom
2026-07-03 14:16:07,558 [Worker-40: Building] INFO  o.e.m.c.i.e.AbstractTransferListenerAdapter - Downloading https://repo.maven.apache.org/maven2/org/postgresql/postgresql/42.7.4/postgresql-42.7.4.pom
2026-07-03 14:16:07,575 [Worker-40: Building] INFO  o.e.m.c.i.e.AbstractTransferListenerAdapter - Downloaded https://repo.maven.apache.org/maven2/org/postgresql/postgresql/42.7.4/postgresql-42.7.4.pom
2026-07-03 14:16:08,940 [Worker-40: Building] INFO  o.e.m.c.i.e.AbstractTransferListenerAdapter - Downloaded https://repo.spring.io/milestone/org/postgresql/postgresql/42.7.4/postgresql-42.7.4.jar
2026-07-03 14:16:09,048 [Worker-40: Building] INFO  o.e.m.c.i.e.AbstractTransferListenerAdapter - Downloading https://repo.maven.apache.org/maven2/org/postgresql/postgresql/42.7.4/postgresql-42.7.4.jar
2026-07-03 14:16:09,372 [Worker-40: Building] INFO  o.e.m.c.i.e.AbstractTransferListenerAdapter - Downloaded https://repo.maven.apache.org/maven2/org/postgresql/postgresql/42.7.4/postgresql-42.7.4.jar
2026-07-03 14:16:10,653 [Worker-40: Building] INFO  o.a.m.s.f.DefaultMavenResourcesFiltering - Copying 1 resource from src\main\resources to target\classes
2026-07-03 14:16:10,667 [Worker-40: Building] INFO  o.a.m.s.f.DefaultMavenResourcesFiltering - Copying 0 resource from src\main\resources to target\classes
2026-07-03 14:16:10,670 [Worker-40: Building] INFO  o.a.m.s.f.DefaultMavenResourcesFiltering - skip non existing resourceDirectory C:\Users\itspa\FirstBitSolutions\Blue-Bus-Booking-Project\blue-bus-booking-project\src\test\resources
2026-07-03 14:16:10,690 [Worker-40: Building] WARN  o.apache.maven.project.MavenProject - Plugin is modifying compileSourceRoots through clear(), which will not work in Maven 4.0.0. Use MavenProject.addCompileSourceRoot()/removeCompileSourceRoot() methods instead. If using a plugin, please upgrade to the latest version or report the issue to the plugin maintainer. To disable these warnings, set -Dmaven.project.sourceRoots.warningsDisabled=true on the command line, in the .mvn/maven.config file, or in project POM properties.
2026-07-03 14:16:10,690 [Worker-40: Building] WARN  o.apache.maven.project.MavenProject - Plugin is modifying compileSourceRoots through add(), which will not work in Maven 4.0.0. Use MavenProject.addCompileSourceRoot()/removeCompileSourceRoot() methods instead. If using a plugin, please upgrade to the latest version or report the issue to the plugin maintainer. To disable these warnings, set -Dmaven.project.sourceRoots.warningsDisabled=true on the command line, in the .mvn/maven.config file, or in project POM properties.
2026-07-03 14:16:10,691 [Worker-40: Building] WARN  o.apache.maven.project.MavenProject - Plugin is modifying testCompileSourceRoots through clear(), which will not work in Maven 4.0.0. Use MavenProject.addTestCompileSourceRoot()/removeTestCompileSourceRoot() methods instead. If using a plugin, please upgrade to the latest version or report the issue to the plugin maintainer. To disable these warnings, set -Dmaven.project.sourceRoots.warningsDisabled=true on the command line, in the .mvn/maven.config file, or in project POM properties.
2026-07-03 14:16:10,691 [Worker-40: Building] WARN  o.apache.maven.project.MavenProject - Plugin is modifying testCompileSourceRoots through add(), which will not work in Maven 4.0.0. Use MavenProject.addTestCompileSourceRoot()/removeTestCompileSourceRoot() methods instead. If using a plugin, please upgrade to the latest version or report the issue to the plugin maintainer. To disable these warnings, set -Dmaven.project.sourceRoots.warningsDisabled=true on the command line, in the .mvn/maven.config file, or in project POM properties.
2026-07-03 14:16:12,834 [Worker-39: Download sources and javadoc] INFO  o.e.m.c.i.e.AbstractTransferListenerAdapter - Downloaded https://repo.spring.io/milestone/org/postgresql/postgresql/42.7.4/postgresql-42.7.4-sources.jar
2026-07-03 14:16:12,925 [Worker-38: Building] INFO  o.a.m.s.f.DefaultMavenResourcesFiltering - Copying 1 resource from src\main\resources to target\classes
2026-07-03 14:16:12,939 [Worker-38: Building] INFO  o.a.m.s.f.DefaultMavenResourcesFiltering - Copying 0 resource from src\main\resources to target\classes
2026-07-03 14:16:12,943 [Worker-38: Building] INFO  o.a.m.s.f.DefaultMavenResourcesFiltering - skip non existing resourceDirectory C:\Users\itspa\FirstBitSolutions\Blue-Bus-Booking-Project\blue-bus-booking-project\src\test\resources
2026-07-03 14:16:12,968 [Worker-38: Building] WARN  o.apache.maven.project.MavenProject - Plugin is modifying compileSourceRoots through clear(), which will not work in Maven 4.0.0. Use MavenProject.addCompileSourceRoot()/removeCompileSourceRoot() methods instead. If using a plugin, please upgrade to the latest version or report the issue to the plugin maintainer. To disable these warnings, set -Dmaven.project.sourceRoots.warningsDisabled=true on the command line, in the .mvn/maven.config file, or in project POM properties.
2026-07-03 14:16:12,968 [Worker-38: Building] WARN  o.apache.maven.project.MavenProject - Plugin is modifying compileSourceRoots through add(), which will not work in Maven 4.0.0. Use MavenProject.addCompileSourceRoot()/removeCompileSourceRoot() methods instead. If using a plugin, please upgrade to the latest version or report the issue to the plugin maintainer. To disable these warnings, set -Dmaven.project.sourceRoots.warningsDisabled=true on the command line, in the .mvn/maven.config file, or in project POM properties.
2026-07-03 14:16:12,969 [Worker-38: Building] WARN  o.apache.maven.project.MavenProject - Plugin is modifying testCompileSourceRoots through clear(), which will not work in Maven 4.0.0. Use MavenProject.addTestCompileSourceRoot()/removeTestCompileSourceRoot() methods instead. If using a plugin, please upgrade to the latest version or report the issue to the plugin maintainer. To disable these warnings, set -Dmaven.project.sourceRoots.warningsDisabled=true on the command line, in the .mvn/maven.config file, or in project POM properties.
2026-07-03 14:16:12,969 [Worker-38: Building] WARN  o.apache.maven.project.MavenProject - Plugin is modifying testCompileSourceRoots through add(), which will not work in Maven 4.0.0. Use MavenProject.addTestCompileSourceRoot()/removeTestCompileSourceRoot() methods instead. If using a plugin, please upgrade to the latest version or report the issue to the plugin maintainer. To disable these warnings, set -Dmaven.project.sourceRoots.warningsDisabled=true on the command line, in the .mvn/maven.config file, or in project POM properties.
2026-07-03 14:16:13,141 [Worker-39: Download sources and javadoc] INFO  o.e.m.c.i.e.AbstractTransferListenerAdapter - Downloading https://repo.maven.apache.org/maven2/org/postgresql/postgresql/42.7.4/postgresql-42.7.4-sources.jar
2026-07-03 14:16:13,553 [Worker-39: Download sources and javadoc] INFO  o.e.m.c.i.e.AbstractTransferListenerAdapter - Downloaded https://repo.maven.apache.org/maven2/org/postgresql/postgresql/42.7.4/postgresql-42.7.4-sources.jar
2026-07-03 14:16:13,557 [Worker-39: Download sources and javadoc] INFO  o.e.m.j.internal.DownloadSourcesJob - Downloaded sources for org.postgresql:postgresql:42.7.4
2026-07-03 14:17:07,347 [Worker-39: Building] INFO  o.a.m.s.f.DefaultMavenResourcesFiltering - Copying 1 resource from src\main\resources to target\classes
2026-07-03 14:17:07,358 [Worker-39: Building] INFO  o.a.m.s.f.DefaultMavenResourcesFiltering - Copying 0 resource from src\main\resources to target\classes
2026-07-03 14:17:07,361 [Worker-39: Building] INFO  o.a.m.s.f.DefaultMavenResourcesFiltering - skip non existing resourceDirectory C:\Users\itspa\FirstBitSolutions\Blue-Bus-Booking-Project\blue-bus-booking-project\src\test\resources
2026-07-03 14:17:07,361 [Worker-39: Building] WARN  o.apache.maven.project.MavenProject - Plugin is modifying compileSourceRoots through clear(), which will not work in Maven 4.0.0. Use MavenProject.addCompileSourceRoot()/removeCompileSourceRoot() methods instead. If using a plugin, please upgrade to the latest version or report the issue to the plugin maintainer. To disable these warnings, set -Dmaven.project.sourceRoots.warningsDisabled=true on the command line, in the .mvn/maven.config file, or in project POM properties.
2026-07-03 14:17:07,362 [Worker-39: Building] WARN  o.apache.maven.project.MavenProject - Plugin is modifying compileSourceRoots through add(), which will not work in Maven 4.0.0. Use MavenProject.addCompileSourceRoot()/removeCompileSourceRoot() methods instead. If using a plugin, please upgrade to the latest version or report the issue to the plugin maintainer. To disable these warnings, set -Dmaven.project.sourceRoots.warningsDisabled=true on the command line, in the .mvn/maven.config file, or in project POM properties.
2026-07-03 14:17:07,363 [Worker-39: Building] WARN  o.apache.maven.project.MavenProject - Plugin is modifying testCompileSourceRoots through clear(), which will not work in Maven 4.0.0. Use MavenProject.addTestCompileSourceRoot()/removeTestCompileSourceRoot() methods instead. If using a plugin, please upgrade to the latest version or report the issue to the plugin maintainer. To disable these warnings, set -Dmaven.project.sourceRoots.warningsDisabled=true on the command line, in the .mvn/maven.config file, or in project POM properties.
2026-07-03 14:17:07,363 [Worker-39: Building] WARN  o.apache.maven.project.MavenProject - Plugin is modifying testCompileSourceRoots through add(), which will not work in Maven 4.0.0. Use MavenProject.addTestCompileSourceRoot()/removeTestCompileSourceRoot() methods instead. If using a plugin, please upgrade to the latest version or report the issue to the plugin maintainer. To disable these warnings, set -Dmaven.project.sourceRoots.warningsDisabled=true on the command line, in the .mvn/maven.config file, or in project POM properties.
2026-07-03 14:17:15,771 [Worker-39: Building] INFO  o.a.m.s.f.DefaultMavenResourcesFiltering - Copying 1 resource from src\main\resources to target\classes
2026-07-03 14:17:15,780 [Worker-39: Building] INFO  o.a.m.s.f.DefaultMavenResourcesFiltering - Copying 0 resource from src\main\resources to target\classes
2026-07-03 14:17:15,785 [Worker-39: Building] INFO  o.a.m.s.f.DefaultMavenResourcesFiltering - skip non existing resourceDirectory C:\Users\itspa\FirstBitSolutions\Blue-Bus-Booking-Project\blue-bus-booking-project\src\test\resources
2026-07-03 14:17:15,785 [Worker-39: Building] WARN  o.apache.maven.project.MavenProject - Plugin is modifying compileSourceRoots through clear(), which will not work in Maven 4.0.0. Use MavenProject.addCompileSourceRoot()/removeCompileSourceRoot() methods instead. If using a plugin, please upgrade to the latest version or report the issue to the plugin maintainer. To disable these warnings, set -Dmaven.project.sourceRoots.warningsDisabled=true on the command line, in the .mvn/maven.config file, or in project POM properties.
2026-07-03 14:17:15,786 [Worker-39: Building] WARN  o.apache.maven.project.MavenProject - Plugin is modifying compileSourceRoots through add(), which will not work in Maven 4.0.0. Use MavenProject.addCompileSourceRoot()/removeCompileSourceRoot() methods instead. If using a plugin, please upgrade to the latest version or report the issue to the plugin maintainer. To disable these warnings, set -Dmaven.project.sourceRoots.warningsDisabled=true on the command line, in the .mvn/maven.config file, or in project POM properties.
2026-07-03 14:17:15,787 [Worker-39: Building] WARN  o.apache.maven.project.MavenProject - Plugin is modifying testCompileSourceRoots through clear(), which will not work in Maven 4.0.0. Use MavenProject.addTestCompileSourceRoot()/removeTestCompileSourceRoot() methods instead. If using a plugin, please upgrade to the latest version or report the issue to the plugin maintainer. To disable these warnings, set -Dmaven.project.sourceRoots.warningsDisabled=true on the command line, in the .mvn/maven.config file, or in project POM properties.
2026-07-03 14:17:15,788 [Worker-39: Building] WARN  o.apache.maven.project.MavenProject - Plugin is modifying testCompileSourceRoots through add(), which will not work in Maven 4.0.0. Use MavenProject.addTestCompileSourceRoot()/removeTestCompileSourceRoot() methods instead. If using a plugin, please upgrade to the latest version or report the issue to the plugin maintainer. To disable these warnings, set -Dmaven.project.sourceRoots.warningsDisabled=true on the command line, in the .mvn/maven.config file, or in project POM properties.
2026-07-03 14:17:30,095 [Worker-41: Building] INFO  o.a.m.s.f.DefaultMavenResourcesFiltering - Copying 1 resource from src\main\resources to target\classes
2026-07-03 14:17:30,103 [Worker-41: Building] INFO  o.a.m.s.f.DefaultMavenResourcesFiltering - Copying 0 resource from src\main\resources to target\classes
2026-07-03 14:17:30,106 [Worker-41: Building] INFO  o.a.m.s.f.DefaultMavenResourcesFiltering - skip non existing resourceDirectory C:\Users\itspa\FirstBitSolutions\Blue-Bus-Booking-Project\blue-bus-booking-project\src\test\resources
2026-07-03 14:17:30,106 [Worker-41: Building] WARN  o.apache.maven.project.MavenProject - Plugin is modifying compileSourceRoots through clear(), which will not work in Maven 4.0.0. Use MavenProject.addCompileSourceRoot()/removeCompileSourceRoot() methods instead. If using a plugin, please upgrade to the latest version or report the issue to the plugin maintainer. To disable these warnings, set -Dmaven.project.sourceRoots.warningsDisabled=true on the command line, in the .mvn/maven.config file, or in project POM properties.
2026-07-03 14:17:30,107 [Worker-41: Building] WARN  o.apache.maven.project.MavenProject - Plugin is modifying compileSourceRoots through add(), which will not work in Maven 4.0.0. Use MavenProject.addCompileSourceRoot()/removeCompileSourceRoot() methods instead. If using a plugin, please upgrade to the latest version or report the issue to the plugin maintainer. To disable these warnings, set -Dmaven.project.sourceRoots.warningsDisabled=true on the command line, in the .mvn/maven.config file, or in project POM properties.
2026-07-03 14:17:30,108 [Worker-41: Building] WARN  o.apache.maven.project.MavenProject - Plugin is modifying testCompileSourceRoots through clear(), which will not work in Maven 4.0.0. Use MavenProject.addTestCompileSourceRoot()/removeTestCompileSourceRoot() methods instead. If using a plugin, please upgrade to the latest version or report the issue to the plugin maintainer. To disable these warnings, set -Dmaven.project.sourceRoots.warningsDisabled=true on the command line, in the .mvn/maven.config file, or in project POM properties.
2026-07-03 14:17:30,108 [Worker-41: Building] WARN  o.apache.maven.project.MavenProject - Plugin is modifying testCompileSourceRoots through add(), which will not work in Maven 4.0.0. Use MavenProject.addTestCompileSourceRoot()/removeTestCompileSourceRoot() methods instead. If using a plugin, please upgrade to the latest version or report the issue to the plugin maintainer. To disable these warnings, set -Dmaven.project.sourceRoots.warningsDisabled=true on the command line, in the .mvn/maven.config file, or in project POM properties.
2026-07-03 14:52:59,241 [Worker-46: Building] INFO  o.a.m.s.f.DefaultMavenResourcesFiltering - Copying 1 resource from src\main\resources to target\classes
2026-07-03 14:52:59,255 [Worker-46: Building] INFO  o.a.m.s.f.DefaultMavenResourcesFiltering - Copying 0 resource from src\main\resources to target\classes
2026-07-03 14:52:59,258 [Worker-46: Building] INFO  o.a.m.s.f.DefaultMavenResourcesFiltering - skip non existing resourceDirectory C:\Users\itspa\FirstBitSolutions\Blue-Bus-Booking-Project\blue-bus-booking-project\src\test\resources
2026-07-03 14:52:59,259 [Worker-46: Building] WARN  o.apache.maven.project.MavenProject - Plugin is modifying compileSourceRoots through clear(), which will not work in Maven 4.0.0. Use MavenProject.addCompileSourceRoot()/removeCompileSourceRoot() methods instead. If using a plugin, please upgrade to the latest version or report the issue to the plugin maintainer. To disable these warnings, set -Dmaven.project.sourceRoots.warningsDisabled=true on the command line, in the .mvn/maven.config file, or in project POM properties.
2026-07-03 14:52:59,260 [Worker-46: Building] WARN  o.apache.maven.project.MavenProject - Plugin is modifying compileSourceRoots through add(), which will not work in Maven 4.0.0. Use MavenProject.addCompileSourceRoot()/removeCompileSourceRoot() methods instead. If using a plugin, please upgrade to the latest version or report the issue to the plugin maintainer. To disable these warnings, set -Dmaven.project.sourceRoots.warningsDisabled=true on the command line, in the .mvn/maven.config file, or in project POM properties.
2026-07-03 14:52:59,261 [Worker-46: Building] WARN  o.apache.maven.project.MavenProject - Plugin is modifying testCompileSourceRoots through clear(), which will not work in Maven 4.0.0. Use MavenProject.addTestCompileSourceRoot()/removeTestCompileSourceRoot() methods instead. If using a plugin, please upgrade to the latest version or report the issue to the plugin maintainer. To disable these warnings, set -Dmaven.project.sourceRoots.warningsDisabled=true on the command line, in the .mvn/maven.config file, or in project POM properties.
2026-07-03 14:52:59,262 [Worker-46: Building] WARN  o.apache.maven.project.MavenProject - Plugin is modifying testCompileSourceRoots through add(), which will not work in Maven 4.0.0. Use MavenProject.addTestCompileSourceRoot()/removeTestCompileSourceRoot() methods instead. If using a plugin, please upgrade to the latest version or report the issue to the plugin maintainer. To disable these warnings, set -Dmaven.project.sourceRoots.warningsDisabled=true on the command line, in the .mvn/maven.config file, or in project POM properties.
2026-07-03 14:56:18,830 [Worker-49: Building] INFO  o.a.m.s.f.DefaultMavenResourcesFiltering - Copying 1 resource from src\main\resources to target\classes
2026-07-03 14:56:18,841 [Worker-49: Building] INFO  o.a.m.s.f.DefaultMavenResourcesFiltering - Copying 0 resource from src\main\resources to target\classes
2026-07-03 14:56:18,844 [Worker-49: Building] INFO  o.a.m.s.f.DefaultMavenResourcesFiltering - skip non existing resourceDirectory C:\Users\itspa\FirstBitSolutions\Blue-Bus-Booking-Project\blue-bus-booking-project\src\test\resources
2026-07-03 14:56:18,846 [Worker-49: Building] WARN  o.apache.maven.project.MavenProject - Plugin is modifying compileSourceRoots through clear(), which will not work in Maven 4.0.0. Use MavenProject.addCompileSourceRoot()/removeCompileSourceRoot() methods instead. If using a plugin, please upgrade to the latest version or report the issue to the plugin maintainer. To disable these warnings, set -Dmaven.project.sourceRoots.warningsDisabled=true on the command line, in the .mvn/maven.config file, or in project POM properties.
2026-07-03 14:56:18,846 [Worker-49: Building] WARN  o.apache.maven.project.MavenProject - Plugin is modifying compileSourceRoots through add(), which will not work in Maven 4.0.0. Use MavenProject.addCompileSourceRoot()/removeCompileSourceRoot() methods instead. If using a plugin, please upgrade to the latest version or report the issue to the plugin maintainer. To disable these warnings, set -Dmaven.project.sourceRoots.warningsDisabled=true on the command line, in the .mvn/maven.config file, or in project POM properties.
2026-07-03 14:56:18,847 [Worker-49: Building] WARN  o.apache.maven.project.MavenProject - Plugin is modifying testCompileSourceRoots through clear(), which will not work in Maven 4.0.0. Use MavenProject.addTestCompileSourceRoot()/removeTestCompileSourceRoot() methods instead. If using a plugin, please upgrade to the latest version or report the issue to the plugin maintainer. To disable these warnings, set -Dmaven.project.sourceRoots.warningsDisabled=true on the command line, in the .mvn/maven.config file, or in project POM properties.
2026-07-03 14:56:18,847 [Worker-49: Building] WARN  o.apache.maven.project.MavenProject - Plugin is modifying testCompileSourceRoots through add(), which will not work in Maven 4.0.0. Use MavenProject.addTestCompileSourceRoot()/removeTestCompileSourceRoot() methods instead. If using a plugin, please upgrade to the latest version or report the issue to the plugin maintainer. To disable these warnings, set -Dmaven.project.sourceRoots.warningsDisabled=true on the command line, in the .mvn/maven.config file, or in project POM properties.
2026-07-03 15:17:24,749 [Worker-54: Building] INFO  o.a.m.s.f.DefaultMavenResourcesFiltering - Copying 1 resource from src\main\resources to target\classes
2026-07-03 15:17:24,760 [Worker-54: Building] INFO  o.a.m.s.f.DefaultMavenResourcesFiltering - Copying 0 resource from src\main\resources to target\classes
2026-07-03 15:17:24,766 [Worker-54: Building] INFO  o.a.m.s.f.DefaultMavenResourcesFiltering - skip non existing resourceDirectory C:\Users\itspa\FirstBitSolutions\Blue-Bus-Booking-Project\blue-bus-booking-project\src\test\resources
2026-07-03 15:17:24,767 [Worker-54: Building] WARN  o.apache.maven.project.MavenProject - Plugin is modifying compileSourceRoots through clear(), which will not work in Maven 4.0.0. Use MavenProject.addCompileSourceRoot()/removeCompileSourceRoot() methods instead. If using a plugin, please upgrade to the latest version or report the issue to the plugin maintainer. To disable these warnings, set -Dmaven.project.sourceRoots.warningsDisabled=true on the command line, in the .mvn/maven.config file, or in project POM properties.
2026-07-03 15:17:24,769 [Worker-54: Building] WARN  o.apache.maven.project.MavenProject - Plugin is modifying compileSourceRoots through add(), which will not work in Maven 4.0.0. Use MavenProject.addCompileSourceRoot()/removeCompileSourceRoot() methods instead. If using a plugin, please upgrade to the latest version or report the issue to the plugin maintainer. To disable these warnings, set -Dmaven.project.sourceRoots.warningsDisabled=true on the command line, in the .mvn/maven.config file, or in project POM properties.
2026-07-03 15:17:24,770 [Worker-54: Building] WARN  o.apache.maven.project.MavenProject - Plugin is modifying testCompileSourceRoots through clear(), which will not work in Maven 4.0.0. Use MavenProject.addTestCompileSourceRoot()/removeTestCompileSourceRoot() methods instead. If using a plugin, please upgrade to the latest version or report the issue to the plugin maintainer. To disable these warnings, set -Dmaven.project.sourceRoots.warningsDisabled=true on the command line, in the .mvn/maven.config file, or in project POM properties.
2026-07-03 15:17:24,771 [Worker-54: Building] WARN  o.apache.maven.project.MavenProject - Plugin is modifying testCompileSourceRoots through add(), which will not work in Maven 4.0.0. Use MavenProject.addTestCompileSourceRoot()/removeTestCompileSourceRoot() methods instead. If using a plugin, please upgrade to the latest version or report the issue to the plugin maintainer. To disable these warnings, set -Dmaven.project.sourceRoots.warningsDisabled=true on the command line, in the .mvn/maven.config file, or in project POM properties.
2026-07-03 15:44:22,662 [Worker-63: Building] INFO  o.a.m.s.f.DefaultMavenResourcesFiltering - Copying 1 resource from src\main\resources to target\classes
2026-07-03 15:44:22,717 [Worker-63: Building] INFO  o.a.m.s.f.DefaultMavenResourcesFiltering - Copying 0 resource from src\main\resources to target\classes
2026-07-03 15:44:22,727 [Worker-63: Building] INFO  o.a.m.s.f.DefaultMavenResourcesFiltering - skip non existing resourceDirectory C:\Users\itspa\FirstBitSolutions\Blue-Bus-Booking-Project\blue-bus-booking-project\src\test\resources
2026-07-03 15:44:22,728 [Worker-63: Building] WARN  o.apache.maven.project.MavenProject - Plugin is modifying compileSourceRoots through clear(), which will not work in Maven 4.0.0. Use MavenProject.addCompileSourceRoot()/removeCompileSourceRoot() methods instead. If using a plugin, please upgrade to the latest version or report the issue to the plugin maintainer. To disable these warnings, set -Dmaven.project.sourceRoots.warningsDisabled=true on the command line, in the .mvn/maven.config file, or in project POM properties.
2026-07-03 15:44:22,729 [Worker-63: Building] WARN  o.apache.maven.project.MavenProject - Plugin is modifying compileSourceRoots through add(), which will not work in Maven 4.0.0. Use MavenProject.addCompileSourceRoot()/removeCompileSourceRoot() methods instead. If using a plugin, please upgrade to the latest version or report the issue to the plugin maintainer. To disable these warnings, set -Dmaven.project.sourceRoots.warningsDisabled=true on the command line, in the .mvn/maven.config file, or in project POM properties.
2026-07-03 15:44:22,730 [Worker-63: Building] WARN  o.apache.maven.project.MavenProject - Plugin is modifying testCompileSourceRoots through clear(), which will not work in Maven 4.0.0. Use MavenProject.addTestCompileSourceRoot()/removeTestCompileSourceRoot() methods instead. If using a plugin, please upgrade to the latest version or report the issue to the plugin maintainer. To disable these warnings, set -Dmaven.project.sourceRoots.warningsDisabled=true on the command line, in the .mvn/maven.config file, or in project POM properties.
2026-07-03 15:44:22,731 [Worker-63: Building] WARN  o.apache.maven.project.MavenProject - Plugin is modifying testCompileSourceRoots through add(), which will not work in Maven 4.0.0. Use MavenProject.addTestCompileSourceRoot()/removeTestCompileSourceRoot() methods instead. If using a plugin, please upgrade to the latest version or report the issue to the plugin maintainer. To disable these warnings, set -Dmaven.project.sourceRoots.warningsDisabled=true on the command line, in the .mvn/maven.config file, or in project POM properties.
2026-07-03 21:10:48,480 [Worker-2: Loading available Gradle versions] INFO  o.e.b.c.i.u.g.PublishedGradleVersions - Gradle version information cache is up-to-date. Trying to read.
2026-07-04 10:48:56,694 [Worker-0: Loading available Gradle versions] INFO  o.e.b.c.i.u.g.PublishedGradleVersions - Gradle version information cache is up-to-date. Trying to read.
2026-07-04 11:01:53,865 [Worker-33: Launching BlueBusBookingProjectApplication] INFO  o.a.m.s.f.DefaultMavenResourcesFiltering - Copying 1 resource from src\main\resources to target\classes
2026-07-04 11:01:53,901 [Worker-33: Launching BlueBusBookingProjectApplication] INFO  o.a.m.s.f.DefaultMavenResourcesFiltering - Copying 0 resource from src\main\resources to target\classes
2026-07-04 11:01:53,907 [Worker-33: Launching BlueBusBookingProjectApplication] INFO  o.a.m.s.f.DefaultMavenResourcesFiltering - skip non existing resourceDirectory C:\Users\itspa\FirstBitSolutions\Blue-Bus-Booking-Project\blue-bus-booking-project\src\test\resources
2026-07-04 11:01:54,488 [Worker-33: Launching BlueBusBookingProjectApplication] WARN  o.apache.maven.project.MavenProject - Plugin is modifying compileSourceRoots through clear(), which will not work in Maven 4.0.0. Use MavenProject.addCompileSourceRoot()/removeCompileSourceRoot() methods instead. If using a plugin, please upgrade to the latest version or report the issue to the plugin maintainer. To disable these warnings, set -Dmaven.project.sourceRoots.warningsDisabled=true on the command line, in the .mvn/maven.config file, or in project POM properties.
2026-07-04 11:01:54,489 [Worker-33: Launching BlueBusBookingProjectApplication] WARN  o.apache.maven.project.MavenProject - Plugin is modifying compileSourceRoots through add(), which will not work in Maven 4.0.0. Use MavenProject.addCompileSourceRoot()/removeCompileSourceRoot() methods instead. If using a plugin, please upgrade to the latest version or report the issue to the plugin maintainer. To disable these warnings, set -Dmaven.project.sourceRoots.warningsDisabled=true on the command line, in the .mvn/maven.config file, or in project POM properties.
2026-07-04 11:01:54,490 [Worker-33: Launching BlueBusBookingProjectApplication] WARN  o.apache.maven.project.MavenProject - Plugin is modifying testCompileSourceRoots through clear(), which will not work in Maven 4.0.0. Use MavenProject.addTestCompileSourceRoot()/removeTestCompileSourceRoot() methods instead. If using a plugin, please upgrade to the latest version or report the issue to the plugin maintainer. To disable these warnings, set -Dmaven.project.sourceRoots.warningsDisabled=true on the command line, in the .mvn/maven.config file, or in project POM properties.
2026-07-04 11:01:54,490 [Worker-33: Launching BlueBusBookingProjectApplication] WARN  o.apache.maven.project.MavenProject - Plugin is modifying testCompileSourceRoots through add(), which will not work in Maven 4.0.0. Use MavenProject.addTestCompileSourceRoot()/removeTestCompileSourceRoot() methods instead. If using a plugin, please upgrade to the latest version or report the issue to the plugin maintainer. To disable these warnings, set -Dmaven.project.sourceRoots.warningsDisabled=true on the command line, in the .mvn/maven.config file, or in project POM properties.
2026-07-04 11:24:56,570 [Worker-40: Building] INFO  o.a.m.s.f.DefaultMavenResourcesFiltering - Copying 1 resource from src\main\resources to target\classes
2026-07-04 11:24:56,583 [Worker-40: Building] INFO  o.a.m.s.f.DefaultMavenResourcesFiltering - Copying 0 resource from src\main\resources to target\classes
2026-07-04 11:24:56,586 [Worker-40: Building] INFO  o.a.m.s.f.DefaultMavenResourcesFiltering - skip non existing resourceDirectory C:\Users\itspa\FirstBitSolutions\Blue-Bus-Booking-Project\blue-bus-booking-project\src\test\resources
2026-07-04 11:24:56,587 [Worker-40: Building] WARN  o.apache.maven.project.MavenProject - Plugin is modifying compileSourceRoots through clear(), which will not work in Maven 4.0.0. Use MavenProject.addCompileSourceRoot()/removeCompileSourceRoot() methods instead. If using a plugin, please upgrade to the latest version or report the issue to the plugin maintainer. To disable these warnings, set -Dmaven.project.sourceRoots.warningsDisabled=true on the command line, in the .mvn/maven.config file, or in project POM properties.
2026-07-04 11:24:56,589 [Worker-40: Building] WARN  o.apache.maven.project.MavenProject - Plugin is modifying compileSourceRoots through add(), which will not work in Maven 4.0.0. Use MavenProject.addCompileSourceRoot()/removeCompileSourceRoot() methods instead. If using a plugin, please upgrade to the latest version or report the issue to the plugin maintainer. To disable these warnings, set -Dmaven.project.sourceRoots.warningsDisabled=true on the command line, in the .mvn/maven.config file, or in project POM properties.
2026-07-04 11:24:56,590 [Worker-40: Building] WARN  o.apache.maven.project.MavenProject - Plugin is modifying testCompileSourceRoots through clear(), which will not work in Maven 4.0.0. Use MavenProject.addTestCompileSourceRoot()/removeTestCompileSourceRoot() methods instead. If using a plugin, please upgrade to the latest version or report the issue to the plugin maintainer. To disable these warnings, set -Dmaven.project.sourceRoots.warningsDisabled=true on the command line, in the .mvn/maven.config file, or in project POM properties.
2026-07-04 11:24:56,590 [Worker-40: Building] WARN  o.apache.maven.project.MavenProject - Plugin is modifying testCompileSourceRoots through add(), which will not work in Maven 4.0.0. Use MavenProject.addTestCompileSourceRoot()/removeTestCompileSourceRoot() methods instead. If using a plugin, please upgrade to the latest version or report the issue to the plugin maintainer. To disable these warnings, set -Dmaven.project.sourceRoots.warningsDisabled=true on the command line, in the .mvn/maven.config file, or in project POM properties.
2026-07-04 14:38:52,794 [Worker-0: Loading available Gradle versions] INFO  o.e.b.c.i.u.g.PublishedGradleVersions - Gradle version information cache is out-of-date. Trying to update.
2026-07-04 15:39:50,383 [Worker-44: Launching BlueBusBookingProjectApplication] INFO  o.a.m.s.f.DefaultMavenResourcesFiltering - Copying 1 resource from src\main\resources to target\classes
2026-07-04 15:39:50,529 [Worker-44: Launching BlueBusBookingProjectApplication] INFO  o.a.m.s.f.DefaultMavenResourcesFiltering - Copying 0 resource from src\main\resources to target\classes
2026-07-04 15:39:50,546 [Worker-44: Launching BlueBusBookingProjectApplication] INFO  o.a.m.s.f.DefaultMavenResourcesFiltering - skip non existing resourceDirectory C:\Users\itspa\FirstBitSolutions\Blue-Bus-Booking-Project\blue-bus-booking-project\src\test\resources
2026-07-04 15:39:52,529 [Worker-44: Launching BlueBusBookingProjectApplication] WARN  o.apache.maven.project.MavenProject - Plugin is modifying compileSourceRoots through clear(), which will not work in Maven 4.0.0. Use MavenProject.addCompileSourceRoot()/removeCompileSourceRoot() methods instead. If using a plugin, please upgrade to the latest version or report the issue to the plugin maintainer. To disable these warnings, set -Dmaven.project.sourceRoots.warningsDisabled=true on the command line, in the .mvn/maven.config file, or in project POM properties.
2026-07-04 15:39:52,532 [Worker-44: Launching BlueBusBookingProjectApplication] WARN  o.apache.maven.project.MavenProject - Plugin is modifying compileSourceRoots through add(), which will not work in Maven 4.0.0. Use MavenProject.addCompileSourceRoot()/removeCompileSourceRoot() methods instead. If using a plugin, please upgrade to the latest version or report the issue to the plugin maintainer. To disable these warnings, set -Dmaven.project.sourceRoots.warningsDisabled=true on the command line, in the .mvn/maven.config file, or in project POM properties.
2026-07-04 15:39:52,537 [Worker-44: Launching BlueBusBookingProjectApplication] WARN  o.apache.maven.project.MavenProject - Plugin is modifying testCompileSourceRoots through clear(), which will not work in Maven 4.0.0. Use MavenProject.addTestCompileSourceRoot()/removeTestCompileSourceRoot() methods instead. If using a plugin, please upgrade to the latest version or report the issue to the plugin maintainer. To disable these warnings, set -Dmaven.project.sourceRoots.warningsDisabled=true on the command line, in the .mvn/maven.config file, or in project POM properties.
2026-07-04 15:39:52,539 [Worker-44: Launching BlueBusBookingProjectApplication] WARN  o.apache.maven.project.MavenProject - Plugin is modifying testCompileSourceRoots through add(), which will not work in Maven 4.0.0. Use MavenProject.addTestCompileSourceRoot()/removeTestCompileSourceRoot() methods instead. If using a plugin, please upgrade to the latest version or report the issue to the plugin maintainer. To disable these warnings, set -Dmaven.project.sourceRoots.warningsDisabled=true on the command line, in the .mvn/maven.config file, or in project POM properties.
2026-07-04 15:55:09,831 [Worker-47: Building] INFO  o.a.m.s.f.DefaultMavenResourcesFiltering - Copying 1 resource from src\main\resources to target\classes
2026-07-04 15:55:09,843 [Worker-47: Building] INFO  o.a.m.s.f.DefaultMavenResourcesFiltering - Copying 0 resource from src\main\resources to target\classes
2026-07-04 15:55:09,847 [Worker-47: Building] INFO  o.a.m.s.f.DefaultMavenResourcesFiltering - skip non existing resourceDirectory C:\Users\itspa\FirstBitSolutions\Blue-Bus-Booking-Project\blue-bus-booking-project\src\test\resources
2026-07-04 15:55:09,847 [Worker-47: Building] WARN  o.apache.maven.project.MavenProject - Plugin is modifying compileSourceRoots through clear(), which will not work in Maven 4.0.0. Use MavenProject.addCompileSourceRoot()/removeCompileSourceRoot() methods instead. If using a plugin, please upgrade to the latest version or report the issue to the plugin maintainer. To disable these warnings, set -Dmaven.project.sourceRoots.warningsDisabled=true on the command line, in the .mvn/maven.config file, or in project POM properties.
2026-07-04 15:55:09,850 [Worker-47: Building] WARN  o.apache.maven.project.MavenProject - Plugin is modifying compileSourceRoots through add(), which will not work in Maven 4.0.0. Use MavenProject.addCompileSourceRoot()/removeCompileSourceRoot() methods instead. If using a plugin, please upgrade to the latest version or report the issue to the plugin maintainer. To disable these warnings, set -Dmaven.project.sourceRoots.warningsDisabled=true on the command line, in the .mvn/maven.config file, or in project POM properties.
2026-07-04 15:55:09,852 [Worker-47: Building] WARN  o.apache.maven.project.MavenProject - Plugin is modifying testCompileSourceRoots through clear(), which will not work in Maven 4.0.0. Use MavenProject.addTestCompileSourceRoot()/removeTestCompileSourceRoot() methods instead. If using a plugin, please upgrade to the latest version or report the issue to the plugin maintainer. To disable these warnings, set -Dmaven.project.sourceRoots.warningsDisabled=true on the command line, in the .mvn/maven.config file, or in project POM properties.
2026-07-04 15:55:09,852 [Worker-47: Building] WARN  o.apache.maven.project.MavenProject - Plugin is modifying testCompileSourceRoots through add(), which will not work in Maven 4.0.0. Use MavenProject.addTestCompileSourceRoot()/removeTestCompileSourceRoot() methods instead. If using a plugin, please upgrade to the latest version or report the issue to the plugin maintainer. To disable these warnings, set -Dmaven.project.sourceRoots.warningsDisabled=true on the command line, in the .mvn/maven.config file, or in project POM properties.
2026-07-04 16:01:04,787 [Worker-47: Building] INFO  o.a.m.s.f.DefaultMavenResourcesFiltering - Copying 1 resource from src\main\resources to target\classes
2026-07-04 16:01:04,821 [Worker-47: Building] INFO  o.a.m.s.f.DefaultMavenResourcesFiltering - Copying 0 resource from src\main\resources to target\classes
2026-07-04 16:01:04,824 [Worker-47: Building] INFO  o.a.m.s.f.DefaultMavenResourcesFiltering - skip non existing resourceDirectory C:\Users\itspa\FirstBitSolutions\Blue-Bus-Booking-Project\blue-bus-booking-project\src\test\resources
2026-07-04 16:01:04,824 [Worker-47: Building] WARN  o.apache.maven.project.MavenProject - Plugin is modifying compileSourceRoots through clear(), which will not work in Maven 4.0.0. Use MavenProject.addCompileSourceRoot()/removeCompileSourceRoot() methods instead. If using a plugin, please upgrade to the latest version or report the issue to the plugin maintainer. To disable these warnings, set -Dmaven.project.sourceRoots.warningsDisabled=true on the command line, in the .mvn/maven.config file, or in project POM properties.
2026-07-04 16:01:04,825 [Worker-47: Building] WARN  o.apache.maven.project.MavenProject - Plugin is modifying compileSourceRoots through add(), which will not work in Maven 4.0.0. Use MavenProject.addCompileSourceRoot()/removeCompileSourceRoot() methods instead. If using a plugin, please upgrade to the latest version or report the issue to the plugin maintainer. To disable these warnings, set -Dmaven.project.sourceRoots.warningsDisabled=true on the command line, in the .mvn/maven.config file, or in project POM properties.
2026-07-04 16:01:04,826 [Worker-47: Building] WARN  o.apache.maven.project.MavenProject - Plugin is modifying testCompileSourceRoots through clear(), which will not work in Maven 4.0.0. Use MavenProject.addTestCompileSourceRoot()/removeTestCompileSourceRoot() methods instead. If using a plugin, please upgrade to the latest version or report the issue to the plugin maintainer. To disable these warnings, set -Dmaven.project.sourceRoots.warningsDisabled=true on the command line, in the .mvn/maven.config file, or in project POM properties.
2026-07-04 16:01:04,826 [Worker-47: Building] WARN  o.apache.maven.project.MavenProject - Plugin is modifying testCompileSourceRoots through add(), which will not work in Maven 4.0.0. Use MavenProject.addTestCompileSourceRoot()/removeTestCompileSourceRoot() methods instead. If using a plugin, please upgrade to the latest version or report the issue to the plugin maintainer. To disable these warnings, set -Dmaven.project.sourceRoots.warningsDisabled=true on the command line, in the .mvn/maven.config file, or in project POM properties.
2026-07-04 21:36:25,913 [Worker-6: Loading available Gradle versions] INFO  o.e.b.c.i.u.g.PublishedGradleVersions - Gradle version information cache is up-to-date. Trying to read.
2026-07-04 22:58:29,471 [Worker-1: Loading available Gradle versions] INFO  o.e.b.c.i.u.g.PublishedGradleVersions - Gradle version information cache is up-to-date. Trying to read.
2026-07-04 23:49:41,158 [Worker-43: Building] INFO  o.a.m.s.f.DefaultMavenResourcesFiltering - Copying 1 resource from src\main\resources to target\classes
2026-07-04 23:49:41,265 [Worker-43: Building] INFO  o.a.m.s.f.DefaultMavenResourcesFiltering - Copying 0 resource from src\main\resources to target\classes
2026-07-04 23:49:41,284 [Worker-43: Building] INFO  o.a.m.s.f.DefaultMavenResourcesFiltering - skip non existing resourceDirectory C:\Users\itspa\FirstBitSolutions\Blue-Bus-Booking-Project\blue-bus-booking-project\src\test\resources
2026-07-04 23:49:43,484 [Worker-43: Building] WARN  o.apache.maven.project.MavenProject - Plugin is modifying compileSourceRoots through clear(), which will not work in Maven 4.0.0. Use MavenProject.addCompileSourceRoot()/removeCompileSourceRoot() methods instead. If using a plugin, please upgrade to the latest version or report the issue to the plugin maintainer. To disable these warnings, set -Dmaven.project.sourceRoots.warningsDisabled=true on the command line, in the .mvn/maven.config file, or in project POM properties.
2026-07-04 23:49:43,492 [Worker-43: Building] WARN  o.apache.maven.project.MavenProject - Plugin is modifying compileSourceRoots through add(), which will not work in Maven 4.0.0. Use MavenProject.addCompileSourceRoot()/removeCompileSourceRoot() methods instead. If using a plugin, please upgrade to the latest version or report the issue to the plugin maintainer. To disable these warnings, set -Dmaven.project.sourceRoots.warningsDisabled=true on the command line, in the .mvn/maven.config file, or in project POM properties.
2026-07-04 23:49:43,492 [Worker-43: Building] WARN  o.apache.maven.project.MavenProject - Plugin is modifying testCompileSourceRoots through clear(), which will not work in Maven 4.0.0. Use MavenProject.addTestCompileSourceRoot()/removeTestCompileSourceRoot() methods instead. If using a plugin, please upgrade to the latest version or report the issue to the plugin maintainer. To disable these warnings, set -Dmaven.project.sourceRoots.warningsDisabled=true on the command line, in the .mvn/maven.config file, or in project POM properties.
2026-07-04 23:49:43,492 [Worker-43: Building] WARN  o.apache.maven.project.MavenProject - Plugin is modifying testCompileSourceRoots through add(), which will not work in Maven 4.0.0. Use MavenProject.addTestCompileSourceRoot()/removeTestCompileSourceRoot() methods instead. If using a plugin, please upgrade to the latest version or report the issue to the plugin maintainer. To disable these warnings, set -Dmaven.project.sourceRoots.warningsDisabled=true on the command line, in the .mvn/maven.config file, or in project POM properties.
2026-07-05 08:54:42,918 [Worker-5: Loading available Gradle versions] INFO  o.e.b.c.i.u.g.PublishedGradleVersions - Gradle version information cache is up-to-date. Trying to read.
